service_id,appointment_id,doctor_id,service_name,duration_minutes,quantity
1,381,26,Consultation,90,1
2,1658,98,MRI,30,2
3,903,81,Blood Test,90,1
4,164,38,Blood Test,45,1
5,567,9,ECG,15,3
6,481,62,Health Checkup,90,1
7,20,8,CT Scan,15,3
8,1193,6,Blood Test,20,3
9,1622,1,Physiotherapy,60,3
10,1971,98,CT Scan,45,2
11,1551,44,Physiotherapy,-30,2
12,1397,44,ECG,20,2
13,1363,52,Physiotherapy,60,1
14,1998,46,ECG,15,1
15,936,90,Physiotherapy,90,1
16,53,78,Blood Test,60,2
17,1948,90,MRI,30,2
18,1267,88,Health Checkup,60,2
19,1353,25,Consultation,90,2
20,35,82,ECG,15,3
21,667,87,Health Checkup,20,-1
22,993,52,Blood Test,30,2
23,1924,61,Blood Test,90,2
24,602,78,MRI,90,1
25,1782,67,Consultation,20,2
26,1632,12,CT Scan,90,3
27,1792,60,X-Ray,45,1
28,988,85,MRI,20,1
29,350,97,Blood Test,15,2
30,1466,4,X-Ray,30,2
31,9999,36,MRI,90,2
32,1364,61,Blood Test,90,1
33,1890,69,Health Checkup,15,3
34,682,29,Blood Test,90,2
35,773,92,Physiotherapy,90,3
36,1608,72,Physiotherapy,20,1
37,531,15,CT Scan,15,1
38,183,44,MRI,90,1
39,1174,48,X-Ray,30,2
40,1182,95,Consultation,30,1
41,1209,9999,MRI,45,2
42,655,99,ECG,90,1
43,1065,85,MRI,15,2
44,19,69,Health Checkup,30,1
45,1672,38,MRI,45,3
46,934,19,CT Scan,20,3
47,1363,90,Consultation,60,2
48,633,65,Blood Test,30,3
49,1176,62,MRI,45,2
50,1443,49,Consultation,30,1
51,1696,92,MRI,90,1
52,1435,95,Consultation,20,2
53,1490,51,CT Scan,90,1
54,45,71,Physiotherapy,30,2
55,1389,61,ECG,45,2
56,148,68,CT Scan,30,3
57,1891,25,Physiotherapy,15,1
58,663,97,Consultation,90,2
59,938,84,X-Ray,60,1
60,905,90,Health Checkup,30,1
61,430,28,MRI,90,3
62,19,47,Blood Test,90,1
63,772,55,X-Ray,15,1
64,729,61,X-Ray,15,1
65,1056,84,ECG,60,2
66,1987,20,Physiotherapy,20,1
67,244,31,Physiotherapy,45,2
68,1409,77,X-Ray,90,3
69,769,100,Blood Test,45,3
70,783,36,Health Checkup,30,1
71,246,15,Blood Test,15,2
72,1314,86,MRI,15,3
73,1174,74,Health Checkup,30,3
74,1527,13,X-Ray,45,2
75,1321,90,Physiotherapy,30,3
76,257,13,ECG,15,3
77,1862,69,X-Ray,45,3
78,41,51,Health Checkup,15,3
79,1715,75,Blood Test,20,3
80,1839,16,X-Ray,60,3
81,369,1,Health Checkup,30,1
82,81,17,MRI,90,1
83,180,72,CT Scan,15,1
84,256,65,CT Scan,30,3
85,352,55,Consultation,20,2
86,95,67,CT Scan,90,3
87,912,18,Health Checkup,90,2
88,1071,46,MRI,90,1
89,1358,6,MRI,15,1
90,291,39,MRI,20,3
91,1131,28,ECG,30,1
92,1494,80,Physiotherapy,15,3
93,523,34,Physiotherapy,90,1
94,820,59,Blood Test,30,3
95,872,89,X-Ray,60,1
96,145,81,CT Scan,90,3
97,1323,25,ECG,60,3
98,1327,66,X-Ray,45,1
99,648,56,Physiotherapy,15,3
100,507,10,CT Scan,15,3
101,226,88,Physiotherapy,15,2
102,1312,12,ECG,30,2
103,300,29,CT Scan,15,1
104,773,29,Physiotherapy,15,1
105,360,68,CT Scan,60,2
106,196,68,ECG,90,3
107,1773,37,CT Scan,60,1
108,1837,7,X-Ray,30,2
109,371,45,Physiotherapy,45,3
110,262,34,Consultation,90,3
111,1461,20,X-Ray,20,2
112,1163,95,CT Scan,15,3
113,1310,48,MRI,90,3
114,857,91,Health Checkup,20,2
115,725,60,CT Scan,30,2
116,1067,92,MRI,30,3
117,1758,12,CT Scan,45,2
118,1732,12,Blood Test,15,3
119,492,12,X-Ray,60,1
120,174,96,CT Scan,60,2
121,1656,2,Physiotherapy,90,3
122,1910,94,X-Ray,45,2
123,1055,88,Blood Test,45,1
124,1263,25,Consultation,90,2
125,1439,69,ECG,20,3
126,1355,68,Consultation,60,2
127,1976,22,MRI,20,1
128,752,18,ECG,15,2
129,1015,49,X-Ray,30,1
130,693,87,MRI,60,1
131,595,39,Health Checkup,30,2
132,437,1,Physiotherapy,20,2
133,1903,83,Consultation,45,3
134,1738,63,Consultation,30,1
135,1261,59,ECG,30,2
136,220,1,ECG,90,1
137,824,46,Consultation,15,2
138,1008,26,Blood Test,60,3
139,1841,20,Physiotherapy,15,2
140,15,20,CT Scan,20,2
141,810,48,CT Scan,30,2
142,1828,24,CT Scan,15,2
143,1345,57,X-Ray,20,2
144,1531,56,Consultation,30,3
145,407,15,MRI,30,1
146,274,51,Physiotherapy,90,2
147,1846,5,X-Ray,90,1
148,1943,62,CT Scan,15,2
149,1002,71,Health Checkup,90,3
150,261,42,Physiotherapy,60,3
151,1892,95,Physiotherapy,20,1
152,1962,14,Consultation,20,1
153,705,65,Consultation,90,1
154,107,87,ECG,45,3
155,1511,2,Physiotherapy,45,2
156,578,63,Blood Test,45,1
157,1265,20,X-Ray,20,2
158,1571,15,CT Scan,90,1
159,1365,55,MRI,45,3
160,1604,14,X-Ray,20,3
161,1289,82,X-Ray,20,1
162,271,52,Consultation,30,1
163,1903,19,Physiotherapy,15,3
164,409,12,Consultation,45,2
165,1076,40,MRI,20,2
166,873,62,Consultation,60,2
167,1319,7,CT Scan,15,2
168,745,36,ECG,90,2
169,506,41,Consultation,20,1
170,2,7,ECG,20,2
171,967,36,Blood Test,45,1
172,517,63,ECG,30,2
173,229,13,Consultation,90,3
174,1578,17,ECG,30,3
175,1659,47,ECG,20,3
176,566,27,Physiotherapy,15,1
177,268,81,Blood Test,15,3
178,1984,84,MRI,20,3
179,913,13,Blood Test,60,3
180,703,39,Health Checkup,20,3
181,1477,20,Consultation,20,1
182,857,71,CT Scan,60,2
183,1833,47,Health Checkup,90,3
184,241,56,Blood Test,45,2
185,1073,65,Consultation,20,3
186,562,90,X-Ray,30,1
187,1958,73,Consultation,90,1
188,1517,51,Health Checkup,90,3
189,1783,66,Blood Test,20,2
190,1538,66,Physiotherapy,60,2
191,821,78,CT Scan,20,1
192,8,21,MRI,60,3
193,19,66,Health Checkup,60,3
194,1476,68,CT Scan,30,1
195,607,91,CT Scan,60,1
196,351,29,Consultation,60,1
197,598,6,X-Ray,30,1
198,554,7,MRI,20,3
199,238,1,ECG,90,3
200,1992,48,ECG,15,3
201,1811,71,CT Scan,90,1
202,837,79,CT Scan,30,1
203,1282,2,ECG,20,3
204,1977,36,X-Ray,30,1
205,1101,85,Blood Test,90,3
206,1410,49,CT Scan,90,3
207,1238,71,MRI,45,1
208,665,35,MRI,60,3
209,1655,97,Physiotherapy,20,2
210,475,94,Physiotherapy,30,1
211,1848,62,Blood Test,45,1
212,941,24,X-Ray,20,3
213,1005,94,X-Ray,90,2
214,44,40,X-Ray,20,2
215,1408,78,MRI,15,1
216,148,55,MRI,45,3
217,1988,52,Blood Test,90,3
218,282,94,Consultation,60,1
219,774,50,Consultation,15,1
220,1564,83,Consultation,20,1
221,1578,11,CT Scan,20,3
222,1229,2,Consultation,15,3
223,1508,44,Blood Test,20,1
224,984,98,Health Checkup,20,2
225,680,62,X-Ray,20,1
226,1114,89,CT Scan,90,3
227,253,3,Consultation,15,3
228,608,14,Physiotherapy,20,1
229,1869,29,Consultation,20,2
230,790,19,ECG,90,2
231,463,88,Physiotherapy,90,3
232,1686,15,Health Checkup,20,1
233,460,14,CT Scan,30,1
234,1261,43,Blood Test,30,1
235,1835,6,X-Ray,20,2
236,1087,43,X-Ray,90,2
237,308,86,CT Scan,60,2
238,714,14,CT Scan,45,3
239,756,34,Blood Test,15,1
240,1593,84,X-Ray,30,1
241,800,58,Health Checkup,15,1
242,1184,55,CT Scan,20,1
243,662,17,X-Ray,45,2
244,654,64,Physiotherapy,45,3
245,1993,53,ECG,20,3
246,1888,32,Physiotherapy,45,3
247,1019,69,Health Checkup,60,3
248,1683,30,Physiotherapy,15,3
249,1465,54,MRI,90,1
250,482,47,Consultation,20,1
251,743,72,Health Checkup,20,1
252,123,45,ECG,20,2
253,943,19,Physiotherapy,20,1
254,1696,29,Consultation,90,1
255,241,90,X-Ray,45,3
256,54,90,Physiotherapy,30,1
257,1437,14,Blood Test,45,3
258,1783,21,Consultation,20,2
259,290,11,MRI,15,1
260,1166,54,X-Ray,20,2
261,1523,18,CT Scan,45,2
262,1480,44,Health Checkup,90,3
263,28,37,Blood Test,20,1
264,1805,83,Consultation,60,1
265,1031,21,Consultation,45,2
266,1393,59,CT Scan,60,3
267,627,91,MRI,45,1
268,557,12,Physiotherapy,20,3
269,434,52,Consultation,20,2
270,377,96,Blood Test,90,2
271,978,41,Physiotherapy,45,1
272,112,48,Physiotherapy,20,2
273,223,14,Blood Test,30,3
274,1595,43,Consultation,20,2
275,334,70,Blood Test,15,1
276,1223,2,CT Scan,20,3
277,414,82,Consultation,20,2
278,175,73,Consultation,60,2
279,94,7,ECG,15,2
280,18,46,CT Scan,45,3
281,400,41,Physiotherapy,90,2
282,1995,17,Blood Test,30,2
283,1837,95,Blood Test,60,1
284,49,76,Physiotherapy,45,3
285,1780,5,CT Scan,20,1
286,1398,60,Blood Test,90,1
287,1952,92,MRI,20,3
288,1340,19,X-Ray,60,3
289,1493,78,ECG,45,1
290,695,38,ECG,60,2
291,82,92,Physiotherapy,20,1
292,1251,78,Blood Test,20,3
293,1286,64,Blood Test,15,1
294,1570,40,Blood Test,45,1
295,932,41,X-Ray,30,1
296,140,36,ECG,30,1
297,146,23,Health Checkup,30,2
298,525,98,Health Checkup,90,1
299,1925,16,Health Checkup,15,2
300,1760,37,Physiotherapy,45,3
301,1879,88,X-Ray,45,2
302,1050,80,ECG,30,1
303,1398,53,Health Checkup,30,3
304,88,80,Consultation,90,1
305,1434,72,Consultation,20,1
306,596,49,X-Ray,60,2
307,1749,10,MRI,45,2
308,1371,12,ECG,45,2
309,1316,69,Health Checkup,15,1
310,370,94,Blood Test,45,2
311,409,52,ECG,15,2
312,702,78,Health Checkup,20,3
313,1519,61,Blood Test,30,2
314,79,70,X-Ray,45,1
315,1312,28,ECG,60,1
316,1232,100,Physiotherapy,15,2
317,1618,56,Health Checkup,20,1
318,434,3,Physiotherapy,30,2
319,1302,23,Blood Test,20,1
320,561,52,Blood Test,30,3
321,925,54,MRI,90,2
322,377,7,Blood Test,45,2
323,1973,97,CT Scan,20,1
324,716,54,Health Checkup,45,3
325,1411,21,Physiotherapy,30,3
326,1169,50,Consultation,60,3
327,407,10,X-Ray,30,3
328,1687,94,ECG,15,1
329,1837,59,X-Ray,45,2
330,233,87,Physiotherapy,30,3
331,1480,1,Health Checkup,20,3
332,921,82,Blood Test,15,1
333,1528,25,Physiotherapy,90,3
334,1586,22,Physiotherapy,20,2
335,430,25,Consultation,30,2
336,34,39,CT Scan,60,1
337,1433,64,Health Checkup,45,2
338,721,46,Physiotherapy,60,2
339,233,23,Health Checkup,45,2
340,363,71,X-Ray,60,2
341,782,37,Physiotherapy,90,2
342,1438,80,Blood Test,15,1
343,184,84,Consultation,60,2
344,213,64,Blood Test,90,2
345,1031,75,Consultation,90,2
346,1745,54,MRI,20,2
347,1130,49,Blood Test,20,2
348,1947,16,ECG,45,2
349,1860,83,Physiotherapy,15,2
350,1602,29,CT Scan,30,3
351,542,40,Physiotherapy,90,1
352,9,54,Consultation,15,1
353,315,48,ECG,30,1
354,1965,74,Physiotherapy,20,3
355,1994,51,MRI,60,3
356,806,7,Physiotherapy,20,3
357,800,94,X-Ray,45,2
358,1060,21,Physiotherapy,20,1
359,1455,17,Blood Test,90,3
360,1607,51,CT Scan,60,1
361,1943,42,MRI,15,1
362,53,56,Consultation,90,3
363,314,4,Blood Test,60,2
364,52,96,X-Ray,45,3
365,1294,100,ECG,20,1
366,1337,29,CT Scan,20,3
367,1722,32,Physiotherapy,30,3
368,106,36,Blood Test,20,3
369,48,82,Blood Test,15,2
370,1899,77,Blood Test,15,1
371,579,34,X-Ray,15,1
372,1013,47,MRI,45,1
373,1006,3,Physiotherapy,15,2
374,1965,81,Blood Test,20,3
375,860,49,ECG,90,2
376,1656,21,X-Ray,30,1
377,1851,23,Consultation,15,2
378,711,62,Consultation,20,3
379,1519,33,Blood Test,20,3
380,61,69,Consultation,60,3
381,1559,20,MRI,30,1
382,1841,28,Consultation,30,1
383,451,11,X-Ray,30,2
384,987,26,Blood Test,30,3
385,1130,84,CT Scan,45,3
386,1657,64,Physiotherapy,60,2
387,1889,25,CT Scan,20,1
388,1408,92,CT Scan,45,1
389,1196,99,CT Scan,20,1
390,1954,93,Health Checkup,45,2
391,868,77,CT Scan,30,3
392,221,78,Physiotherapy,45,1
393,1162,46,ECG,90,1
394,921,22,Consultation,60,2
395,1202,53,CT Scan,60,3
396,1947,68,ECG,45,1
397,235,24,ECG,45,1
398,733,32,Blood Test,20,3
399,762,48,X-Ray,30,1
400,20,41,Consultation,90,2
401,438,60,ECG,20,3
402,136,50,CT Scan,60,1
403,1080,28,Blood Test,60,2
404,1467,78,Blood Test,60,3
405,864,88,Physiotherapy,30,2
406,406,26,Consultation,45,2
407,96,36,Physiotherapy,15,1
408,928,22,ECG,60,2
409,485,74,Consultation,30,1
410,1319,74,Consultation,45,2
411,269,52,Consultation,60,3
412,81,44,Consultation,15,2
413,195,54,CT Scan,30,2
414,1544,45,Physiotherapy,15,3
415,1587,41,Health Checkup,60,1
416,806,39,Health Checkup,45,3
417,1981,16,ECG,60,1
418,60,29,Consultation,15,1
419,216,42,Physiotherapy,20,1
420,181,25,ECG,60,1
421,1914,89,Consultation,30,1
422,227,7,CT Scan,15,2
423,675,89,Physiotherapy,30,3
424,349,18,Health Checkup,15,1
425,654,19,Physiotherapy,90,2
426,1369,16,MRI,60,2
427,1355,63,CT Scan,30,3
428,989,29,Blood Test,30,2
429,1457,11,ECG,60,1
430,1351,83,MRI,90,1
431,154,64,Consultation,20,1
432,1374,28,Health Checkup,45,1
433,999,14,ECG,20,3
434,1560,68,ECG,30,3
435,930,84,X-Ray,60,1
436,1873,17,MRI,30,2
437,1997,58,MRI,45,1
438,141,36,Physiotherapy,20,3
439,630,74,Blood Test,20,2
440,1795,14,Blood Test,20,1
441,1832,59,X-Ray,30,1
442,976,85,Health Checkup,30,2
443,243,71,Blood Test,30,2
444,435,20,Physiotherapy,60,2
445,1041,43,Consultation,45,2
446,758,13,Consultation,90,2
447,1500,55,MRI,30,1
448,825,23,CT Scan,60,3
449,1011,67,Physiotherapy,15,3
450,103,83,MRI,15,1
451,236,7,Consultation,60,2
452,489,9,Blood Test,30,1
453,1808,80,Physiotherapy,45,2
454,208,29,CT Scan,45,1
455,351,27,ECG,90,2
456,1446,77,CT Scan,90,1
457,194,24,Health Checkup,90,2
458,1747,89,MRI,20,2
459,1396,9,X-Ray,20,2
460,1843,59,X-Ray,15,3
461,972,55,ECG,15,1
462,1996,34,Blood Test,20,3
463,1558,2,ECG,45,3
464,3,63,MRI,45,1
465,93,3,CT Scan,20,3
466,1031,22,X-Ray,15,1
467,624,95,ECG,45,2
468,1505,45,CT Scan,90,2
469,520,47,Health Checkup,15,2
470,617,91,ECG,60,3
471,1756,77,Health Checkup,15,2
472,1405,67,Consultation,20,2
473,1754,29,X-Ray,30,2
474,64,32,Physiotherapy,30,1
475,1525,12,MRI,45,3
476,222,36,Health Checkup,60,1
477,544,87,ECG,30,2
478,1207,54,CT Scan,30,1
479,85,75,ECG,60,1
480,888,59,ECG,30,1
481,1986,2,Health Checkup,90,1
482,956,88,X-Ray,60,2
483,1278,72,X-Ray,30,2
484,591,9,CT Scan,15,2
485,84,28,CT Scan,60,1
486,109,63,CT Scan,15,2
487,722,85,Consultation,15,2
488,283,45,CT Scan,60,3
489,1964,99,X-Ray,15,3
490,555,19,MRI,45,3
491,1881,11,CT Scan,20,1
492,970,46,MRI,90,3
493,792,55,Physiotherapy,15,2
494,1885,39,CT Scan,20,3
495,893,87,ECG,60,1
496,1400,99,MRI,30,1
497,853,71,MRI,30,2
498,176,39,Health Checkup,60,1
499,770,56,Blood Test,20,3
500,906,89,ECG,60,3
501,1460,46,Health Checkup,30,2
502,956,54,Physiotherapy,45,1
503,1869,72,Consultation,45,1
504,1548,18,CT Scan,20,3
505,1049,48,X-Ray,60,3
506,1844,73,CT Scan,15,2
507,258,52,Consultation,45,3
508,943,7,Blood Test,15,2
509,1700,84,Blood Test,30,3
510,200,38,Health Checkup,90,2
511,1771,8,Blood Test,90,3
512,1382,66,Consultation,90,1
513,1058,19,Health Checkup,20,1
514,1834,87,X-Ray,30,3
515,637,93,Consultation,45,3
516,1409,26,Blood Test,15,1
517,314,78,Blood Test,60,1
518,507,27,Blood Test,45,1
519,1706,65,Health Checkup,45,1
520,1897,16,CT Scan,45,2
521,377,31,CT Scan,60,3
522,900,85,Blood Test,45,1
523,1303,3,X-Ray,20,3
524,1347,31,X-Ray,60,3
525,1433,70,MRI,45,2
526,594,38,Blood Test,60,2
527,753,86,CT Scan,45,2
528,1429,14,Health Checkup,45,2
529,304,4,CT Scan,45,1
530,1156,50,Consultation,60,2
531,70,83,Health Checkup,15,2
532,1972,18,Health Checkup,90,2
533,568,2,X-Ray,30,3
534,1753,65,MRI,30,3
535,1076,50,Blood Test,20,3
536,311,46,ECG,45,3
537,1759,18,CT Scan,90,2
538,1892,51,Blood Test,90,2
539,772,61,X-Ray,60,3
540,1900,65,CT Scan,20,3
541,664,76,ECG,60,3
542,1700,52,Blood Test,15,1
543,1745,94,X-Ray,20,1
544,1363,14,Health Checkup,90,2
545,663,98,MRI,90,1
546,216,23,Physiotherapy,45,1
547,127,79,CT Scan,15,1
548,1735,96,Blood Test,45,2
549,1243,81,Consultation,20,2
550,221,90,Health Checkup,45,1
551,1306,74,MRI,20,2
552,1006,57,CT Scan,20,1
553,1520,21,Physiotherapy,60,1
554,177,75,Consultation,90,3
555,198,27,Consultation,20,1
556,737,100,Physiotherapy,60,3
557,1771,10,ECG,20,3
558,1495,94,Health Checkup,20,1
559,1169,61,ECG,30,3
560,1843,72,X-Ray,15,2
561,876,81,Physiotherapy,15,3
562,161,17,CT Scan,15,1
563,1022,30,Consultation,60,3
564,678,3,MRI,30,2
565,800,91,ECG,15,1
566,1983,37,Blood Test,60,3
567,495,67,CT Scan,45,3
568,117,70,Blood Test,60,2
569,1919,34,Consultation,15,2
570,864,34,MRI,30,1
571,286,27,ECG,90,1
572,483,64,Blood Test,60,3
573,1440,98,Consultation,30,1
574,1946,54,Blood Test,60,2
575,1939,17,CT Scan,90,1
576,214,5,Health Checkup,60,1
577,1332,45,Physiotherapy,45,2
578,1601,30,Consultation,15,1
579,1585,26,Physiotherapy,90,3
580,1512,3,Health Checkup,15,2
581,1569,49,X-Ray,45,3
582,875,71,X-Ray,15,2
583,242,79,ECG,30,1
584,703,56,Consultation,20,1
585,189,76,Consultation,20,2
586,1531,97,Consultation,15,3
587,512,8,Blood Test,15,1
588,899,24,CT Scan,15,2
589,717,78,MRI,30,1
590,1242,51,Health Checkup,90,1
591,1345,10,Blood Test,30,3
592,422,64,ECG,20,2
593,1461,39,ECG,60,2
594,1780,84,MRI,60,2
595,654,90,Blood Test,15,2
596,1845,53,Health Checkup,30,1
597,417,18,MRI,30,3
598,1133,27,Blood Test,30,3
599,1672,19,Consultation,20,3
600,902,84,Health Checkup,15,1
601,1022,5,CT Scan,30,3
602,787,39,Blood Test,15,2
603,1751,79,Physiotherapy,45,1
604,1767,49,Physiotherapy,45,1
605,460,27,Physiotherapy,20,3
606,883,69,Consultation,90,2
607,65,70,ECG,15,3
608,1546,44,CT Scan,60,1
609,1551,4,ECG,90,3
610,889,55,Consultation,15,3
611,795,93,CT Scan,60,2
612,869,74,CT Scan,20,2
613,958,96,MRI,20,1
614,575,88,CT Scan,15,1
615,1580,70,CT Scan,30,3
616,809,5,CT Scan,30,2
617,1351,33,Consultation,15,2
618,1165,85,ECG,30,1
619,909,60,Consultation,45,1
620,956,5,ECG,45,3
621,1730,72,MRI,45,1
622,1187,11,CT Scan,60,3
623,644,9,Health Checkup,20,2
624,1569,36,CT Scan,45,1
625,466,81,X-Ray,20,3
626,1344,7,MRI,15,3
627,79,24,Health Checkup,60,2
628,86,71,MRI,15,3
629,531,33,Consultation,90,2
630,1107,92,Consultation,60,1
631,717,14,Blood Test,60,2
632,232,66,Blood Test,20,1
633,668,74,ECG,90,2
634,147,83,Physiotherapy,30,1
635,51,42,ECG,30,2
636,1838,84,ECG,45,2
637,1274,4,X-Ray,30,1
638,596,20,Consultation,15,3
639,434,41,ECG,20,2
640,1702,75,Consultation,90,3
641,308,49,Blood Test,15,1
642,1158,65,Physiotherapy,60,3
643,249,68,Consultation,60,2
644,1351,68,Health Checkup,30,2
645,400,74,CT Scan,20,2
646,498,99,ECG,20,2
647,645,96,Blood Test,90,1
648,912,94,Physiotherapy,30,1
649,721,72,Blood Test,30,3
650,992,78,MRI,45,2
651,471,73,X-Ray,60,1
652,1591,53,X-Ray,60,2
653,1630,37,ECG,30,1
654,167,53,Physiotherapy,60,1
655,1180,64,MRI,20,2
656,32,22,Blood Test,45,2
657,1568,71,Health Checkup,90,1
658,259,5,Physiotherapy,15,3
659,342,10,X-Ray,60,3
660,1882,50,Physiotherapy,30,1
661,824,90,MRI,90,2
662,244,44,ECG,60,3
663,1263,14,Consultation,15,3
664,1886,46,Health Checkup,45,3
665,922,95,Physiotherapy,30,2
666,1434,18,X-Ray,90,3
667,1877,66,Blood Test,20,1
668,1216,76,ECG,90,3
669,929,49,ECG,45,1
670,1042,93,CT Scan,15,1
671,609,64,ECG,15,3
672,1061,68,Physiotherapy,30,2
673,787,41,X-Ray,20,1
674,1668,95,MRI,45,3
675,570,74,ECG,15,2
676,584,22,Blood Test,30,2
677,997,57,MRI,20,2
678,1924,34,Blood Test,20,3
679,571,19,Blood Test,20,3
680,1718,66,X-Ray,15,3
681,1849,6,MRI,15,2
682,1705,4,ECG,20,2
683,1929,74,Physiotherapy,90,2
684,1067,17,Health Checkup,30,1
685,1467,91,Blood Test,45,2
686,1011,34,Blood Test,20,2
687,1499,86,Blood Test,30,1
688,1525,29,Blood Test,30,1
689,1039,43,CT Scan,45,3
690,1507,66,Blood Test,90,3
691,645,5,Physiotherapy,15,3
692,1627,67,ECG,20,3
693,1354,81,Consultation,90,3
694,17,32,X-Ray,60,2
695,1787,29,MRI,30,2
696,311,63,X-Ray,90,2
697,579,17,MRI,90,1
698,1948,67,MRI,15,2
699,138,63,MRI,90,1
700,80,54,CT Scan,60,2
701,1293,75,MRI,90,2
702,992,68,X-Ray,30,1
703,1793,38,Health Checkup,45,3
704,804,77,ECG,60,2
705,606,13,MRI,15,2
706,860,58,ECG,20,3
707,871,15,X-Ray,45,2
708,1353,15,ECG,90,2
709,1444,17,Health Checkup,45,3
710,844,88,MRI,15,2
711,549,65,MRI,45,1
712,1152,99,ECG,30,3
713,651,53,Physiotherapy,45,2
714,817,34,Consultation,30,2
715,1492,29,ECG,90,1
716,632,58,Physiotherapy,20,3
717,1794,22,MRI,90,1
718,1942,79,ECG,20,3
719,1106,3,Consultation,45,1
720,1599,91,ECG,30,3
721,130,84,Consultation,60,1
722,742,69,MRI,20,3
723,811,92,MRI,30,1
724,1866,48,ECG,45,1
725,1133,94,MRI,15,1
726,1732,3,Blood Test,60,2
727,1621,63,Consultation,20,2
728,618,4,MRI,90,3
729,507,5,CT Scan,90,1
730,1666,49,Physiotherapy,20,3
731,1796,35,Blood Test,15,1
732,1034,93,Physiotherapy,15,1
733,1521,70,X-Ray,15,3
734,1205,51,MRI,60,2
735,1608,42,Physiotherapy,60,3
736,48,39,CT Scan,45,1
737,205,34,Health Checkup,45,2
738,880,12,MRI,45,3
739,571,62,CT Scan,90,3
740,1038,32,Physiotherapy,15,2
741,1491,51,ECG,60,3
742,222,58,MRI,60,1
743,814,99,MRI,45,2
744,977,73,Blood Test,90,2
745,681,19,Blood Test,15,3
746,347,27,Health Checkup,60,1
747,172,19,Physiotherapy,60,2
748,1072,93,MRI,15,2
749,517,53,CT Scan,90,2
750,1709,20,Consultation,30,3
751,1158,77,Physiotherapy,15,2
752,1414,27,Health Checkup,60,2
753,642,84,MRI,30,2
754,1452,62,Blood Test,15,2
755,1433,10,Physiotherapy,20,1
756,332,67,Blood Test,20,1
757,897,15,Consultation,45,2
758,350,81,Health Checkup,20,3
759,1791,71,Physiotherapy,45,1
760,608,16,Physiotherapy,30,3
761,1889,87,CT Scan,60,2
762,1260,48,X-Ray,20,2
763,1072,88,MRI,60,3
764,761,67,CT Scan,45,2
765,432,43,X-Ray,20,3
766,1465,61,Consultation,30,2
767,368,20,Health Checkup,15,1
768,639,90,MRI,20,3
769,193,69,Health Checkup,30,1
770,126,80,Health Checkup,60,1
771,137,45,MRI,30,3
772,29,25,CT Scan,30,2
773,1197,94,CT Scan,30,3
774,1571,52,CT Scan,60,3
775,1314,85,MRI,15,3
776,313,14,MRI,30,1
777,539,73,Blood Test,20,3
778,1203,83,Physiotherapy,30,3
779,1582,76,CT Scan,90,3
780,1370,61,MRI,20,1
781,1605,30,MRI,15,3
782,301,19,X-Ray,45,1
783,663,10,Consultation,20,3
784,1654,57,Physiotherapy,90,2
785,670,39,Blood Test,20,3
786,806,49,Physiotherapy,90,2
787,728,40,ECG,60,1
788,1809,78,MRI,20,3
789,1708,36,X-Ray,45,3
790,905,63,CT Scan,90,1
791,1143,56,ECG,20,1
792,1774,47,Health Checkup,90,2
793,1492,55,MRI,60,3
794,1795,25,Physiotherapy,30,1
795,1912,96,Consultation,20,2
796,740,68,MRI,15,3
797,636,43,Blood Test,30,2
798,1030,2,CT Scan,15,3
799,564,83,Health Checkup,45,1
800,1425,91,CT Scan,30,3
801,118,74,Consultation,90,2
802,1245,81,Health Checkup,45,1
803,970,96,Blood Test,15,2
804,60,79,X-Ray,90,3
805,363,17,Blood Test,45,1
806,115,57,Consultation,30,1
807,1757,70,CT Scan,20,3
808,1258,95,Consultation,30,3
809,1738,41,X-Ray,60,3
810,1934,47,Consultation,90,2
811,853,86,Consultation,15,1
812,1690,98,X-Ray,90,2
813,172,23,Health Checkup,15,2
814,1247,26,Physiotherapy,20,3
815,1530,1,CT Scan,30,3
816,719,16,ECG,45,3
817,1713,90,Blood Test,60,2
818,181,15,Blood Test,20,3
819,177,24,ECG,60,3
820,1978,3,X-Ray,15,1
821,1307,48,Health Checkup,15,3
822,1932,32,CT Scan,90,3
823,1931,25,X-Ray,30,1
824,777,91,CT Scan,20,2
825,288,73,ECG,45,1
826,1711,25,CT Scan,20,1
827,605,34,Health Checkup,30,1
828,1004,46,ECG,30,3
829,1072,58,X-Ray,15,3
830,790,20,MRI,90,2
831,711,83,CT Scan,20,2
832,1433,65,CT Scan,15,3
833,1584,27,CT Scan,20,2
834,535,5,Blood Test,60,3
835,1293,24,Health Checkup,20,2
836,1202,42,ECG,60,2
837,1349,76,Consultation,30,3
838,215,81,ECG,15,1
839,864,61,ECG,30,3
840,1850,13,X-Ray,30,2
841,334,60,X-Ray,15,2
842,1658,79,Health Checkup,60,3
843,1423,56,Physiotherapy,45,1
844,518,93,ECG,60,2
845,989,87,Physiotherapy,30,1
846,1989,30,Blood Test,45,2
847,1586,35,Physiotherapy,60,1
848,336,66,X-Ray,30,3
849,1977,90,MRI,60,1
850,267,85,ECG,15,1
851,634,99,X-Ray,30,2
852,811,22,Health Checkup,15,3
853,303,26,X-Ray,30,2
854,165,24,MRI,20,2
855,185,93,MRI,20,3
856,1138,100,ECG,15,2
857,327,45,Blood Test,45,3
858,1407,51,MRI,45,3
859,771,60,MRI,15,2
860,264,41,X-Ray,45,2
861,1840,37,Physiotherapy,60,2
862,1094,10,ECG,45,3
863,1517,76,Consultation,20,3
864,365,99,MRI,30,2
865,697,65,Consultation,60,3
866,1540,51,Blood Test,90,1
867,283,64,MRI,15,1
868,619,56,Blood Test,30,2
869,1340,24,Physiotherapy,20,2
870,638,50,Health Checkup,15,2
871,1964,54,X-Ray,20,2
872,1398,67,Blood Test,45,1
873,710,88,Blood Test,90,2
874,1646,2,X-Ray,30,1
875,1177,65,Physiotherapy,90,2
876,24,63,Physiotherapy,45,1
877,621,55,CT Scan,90,3
878,238,78,Health Checkup,60,2
879,1600,61,ECG,60,2
880,229,23,Physiotherapy,60,2
881,1783,87,Blood Test,20,1
882,691,91,CT Scan,20,3
883,1665,79,Health Checkup,45,1
884,952,37,Consultation,15,2
885,943,47,Consultation,60,3
886,757,33,Physiotherapy,30,3
887,607,99,Consultation,60,2
888,367,38,ECG,45,1
889,915,42,CT Scan,90,1
890,1221,15,ECG,90,1
891,1089,95,Physiotherapy,20,1
892,173,69,Blood Test,20,3
893,297,82,Health Checkup,45,2
894,708,59,MRI,90,3
895,1166,59,Consultation,15,2
896,764,5,X-Ray,60,3
897,1307,13,Physiotherapy,60,3
898,162,44,CT Scan,45,2
899,46,24,CT Scan,90,3
900,1522,11,Physiotherapy,15,1
901,1170,34,CT Scan,60,3
902,1105,32,Consultation,30,3
903,969,28,Physiotherapy,30,3
904,1411,100,X-Ray,30,3
905,1376,6,Physiotherapy,20,3
906,584,35,Consultation,45,1
907,39,54,X-Ray,30,2
908,948,77,ECG,15,1
909,461,3,ECG,20,1
910,1253,37,Health Checkup,60,2
911,1301,77,ECG,60,2
912,975,72,Consultation,30,2
913,655,45,Health Checkup,20,2
914,1750,96,Health Checkup,20,3
915,1429,22,Physiotherapy,30,2
916,67,85,Blood Test,90,2
917,1150,45,Blood Test,20,3
918,1085,48,CT Scan,30,2
919,925,87,Health Checkup,15,1
920,1280,75,X-Ray,60,2
921,1157,56,Physiotherapy,15,2
922,1140,96,Health Checkup,20,2
923,1887,69,X-Ray,45,3
924,1944,16,Blood Test,45,1
925,433,15,CT Scan,20,1
926,1571,100,Physiotherapy,60,2
927,721,97,MRI,45,3
928,572,41,ECG,90,1
929,1361,88,ECG,60,3
930,1091,51,MRI,45,2
931,1550,60,CT Scan,45,1
932,1893,23,Physiotherapy,30,1
933,1091,43,Health Checkup,90,1
934,1400,13,Physiotherapy,60,3
935,857,54,Physiotherapy,20,3
936,60,80,MRI,20,3
937,1270,65,Blood Test,60,3
938,1500,53,Consultation,30,3
939,512,22,Health Checkup,90,1
940,1950,48,Consultation,90,3
941,1810,84,Physiotherapy,60,3
942,1769,25,X-Ray,45,2
943,1481,31,X-Ray,45,3
944,1887,26,ECG,20,2
945,133,4,MRI,60,2
946,941,32,Health Checkup,20,1
947,1993,60,Blood Test,60,2
948,1787,21,MRI,45,3
949,1972,9,Consultation,90,1
950,1397,87,Physiotherapy,60,2
951,1766,50,Blood Test,45,2
952,1810,92,Blood Test,90,3
953,1326,69,Consultation,45,2
954,1696,93,Consultation,30,2
955,1697,93,Consultation,30,2
956,1468,66,Health Checkup,45,1
957,213,19,CT Scan,60,1
958,1479,22,ECG,45,3
959,696,19,MRI,45,1
960,542,13,ECG,90,3
961,152,59,Health Checkup,20,2
962,702,38,Health Checkup,30,2
963,1433,34,CT Scan,60,1
964,1560,18,X-Ray,60,2
965,54,29,ECG,60,2
966,1462,38,CT Scan,90,1
967,1163,82,CT Scan,45,3
968,901,87,CT Scan,20,3
969,1650,89,X-Ray,20,3
970,599,50,CT Scan,90,1
971,58,28,CT Scan,20,3
972,25,34,ECG,90,3
973,1527,67,Physiotherapy,45,3
974,1844,22,ECG,90,1
975,1203,65,ECG,60,2
976,775,63,X-Ray,60,2
977,360,62,Physiotherapy,15,3
978,1940,9,ECG,20,2
979,423,29,X-Ray,30,3
980,1594,94,Blood Test,90,1
981,731,64,Health Checkup,60,3
982,1857,2,MRI,90,1
983,745,86,Consultation,45,3
984,203,43,Blood Test,30,3
985,1970,69,Blood Test,15,2
986,1161,67,MRI,20,2
987,1633,95,X-Ray,90,3
988,1757,32,MRI,90,3
989,935,23,Consultation,60,2
990,1131,36,Blood Test,90,1
991,1502,9,X-Ray,60,2
992,125,27,MRI,20,3
993,1560,75,Health Checkup,45,1
994,1100,7,ECG,90,1
995,403,62,Blood Test,45,1
996,975,26,Blood Test,60,3
997,441,77,Health Checkup,30,3
998,20,75,Physiotherapy,15,3
999,1816,57,MRI,60,3
1000,1259,97,Health Checkup,15,2
1001,1546,53,CT Scan,45,3
1002,362,43,Health Checkup,60,2
1003,1949,83,CT Scan,30,3
1004,510,44,CT Scan,90,3
1005,1031,40,Health Checkup,15,1
1006,999,1,ECG,60,2
1007,1016,21,X-Ray,15,2
1008,1379,39,Blood Test,45,2
1009,1307,88,X-Ray,20,1
1010,1563,30,MRI,30,3
1011,626,41,Health Checkup,15,3
1012,615,79,MRI,60,3
1013,317,42,X-Ray,20,2
1014,1610,22,X-Ray,60,3
1015,322,42,Health Checkup,90,3
1016,1616,54,CT Scan,20,2
1017,967,39,ECG,20,2
1018,684,94,ECG,90,2
1019,922,40,Physiotherapy,60,2
1020,1562,54,Consultation,45,1
1021,1984,53,ECG,90,1
1022,1997,59,CT Scan,15,3
1023,415,27,CT Scan,30,2
1024,49,42,Physiotherapy,45,2
1025,1143,72,MRI,20,3
1026,1031,57,CT Scan,15,1
1027,498,21,ECG,90,2
1028,1929,93,Health Checkup,15,3
1029,799,89,Health Checkup,20,2
1030,1243,76,Physiotherapy,15,1
1031,115,82,ECG,30,3
1032,757,57,CT Scan,15,2
1033,276,96,Blood Test,30,3
1034,848,20,X-Ray,60,2
1035,1176,26,Blood Test,45,1
1036,672,74,CT Scan,60,3
1037,1674,38,Consultation,20,1
1038,1784,90,ECG,30,2
1039,1531,28,X-Ray,30,2
1040,467,59,ECG,30,1
1041,1388,91,CT Scan,30,3
1042,1532,3,X-Ray,15,3
1043,842,55,Physiotherapy,45,1
1044,1704,68,Consultation,60,2
1045,34,73,Physiotherapy,15,3
1046,1789,42,Health Checkup,30,3
1047,684,82,Blood Test,90,1
1048,1158,12,Blood Test,60,1
1049,1636,66,Blood Test,60,2
1050,1250,84,MRI,15,3
1051,883,36,Health Checkup,45,3
1052,312,84,ECG,15,1
1053,1327,74,ECG,45,3
1054,1600,89,Physiotherapy,15,2
1055,1178,38,Consultation,60,2
1056,39,2,MRI,30,2
1057,309,34,MRI,60,3
1058,1573,42,Health Checkup,90,3
1059,411,99,ECG,90,3
1060,313,25,X-Ray,20,2
1061,372,13,Consultation,60,3
1062,1935,6,X-Ray,60,2
1063,1956,9,ECG,30,1
1064,1348,27,MRI,30,1
1065,869,35,MRI,20,2
1066,56,18,Health Checkup,15,2
1067,53,57,MRI,45,1
1068,916,57,Physiotherapy,20,1
1069,1579,49,Blood Test,15,1
1070,1038,75,Blood Test,20,1
1071,247,63,ECG,90,2
1072,851,25,MRI,15,3
1073,737,62,CT Scan,60,1
1074,1936,59,Consultation,15,2
1075,1646,54,Physiotherapy,15,2
1076,739,40,Blood Test,45,3
1077,616,30,Blood Test,90,3
1078,1660,50,Health Checkup,15,2
1079,1495,83,ECG,15,1
1080,1736,32,X-Ray,60,1
1081,263,67,X-Ray,20,3
1082,963,98,Consultation,15,3
1083,1644,27,CT Scan,30,3
1084,850,21,Physiotherapy,20,1
1085,1918,67,X-Ray,90,3
1086,372,47,Blood Test,20,1
1087,1019,27,CT Scan,45,3
1088,765,34,ECG,15,1
1089,680,4,Health Checkup,15,3
1090,1786,19,Physiotherapy,15,3
1091,773,98,X-Ray,20,1
1092,31,45,MRI,15,2
1093,136,15,Health Checkup,45,2
1094,1754,69,Health Checkup,20,3
1095,1658,82,Consultation,30,2
1096,962,33,X-Ray,30,3
1097,1106,47,Blood Test,45,2
1098,1534,74,MRI,20,1
1099,1055,17,X-Ray,20,3
1100,169,96,Blood Test,90,2
1101,579,79,Blood Test,20,1
1102,514,24,CT Scan,30,3
1103,1995,60,CT Scan,20,2
1104,865,48,X-Ray,60,3
1105,1915,5,Physiotherapy,90,1
1106,1627,26,X-Ray,15,1
1107,1300,5,MRI,20,2
1108,661,2,Health Checkup,45,2
1109,385,81,Physiotherapy,45,1
1110,929,80,CT Scan,60,2
1111,242,96,CT Scan,90,3
1112,1893,44,ECG,20,2
1113,699,63,Health Checkup,90,1
1114,1369,44,CT Scan,15,2
1115,874,83,Consultation,60,1
1116,194,30,Health Checkup,15,1
1117,1128,92,CT Scan,20,2
1118,629,58,Physiotherapy,60,1
1119,1979,65,X-Ray,45,3
1120,400,19,MRI,15,1
1121,1503,96,ECG,60,3
1122,1598,20,Consultation,60,2
1123,1105,30,X-Ray,30,1
1124,206,88,X-Ray,90,3
1125,1760,80,MRI,90,1
1126,1108,79,Physiotherapy,20,2
1127,101,52,CT Scan,45,3
1128,1991,54,Health Checkup,45,2
1129,279,93,CT Scan,15,1
1130,515,91,CT Scan,20,3
1131,1256,77,Blood Test,15,2
1132,288,19,Health Checkup,20,1
1133,802,21,Physiotherapy,45,3
1134,397,32,ECG,15,1
1135,1973,36,X-Ray,45,1
1136,1487,95,X-Ray,20,2
1137,292,87,CT Scan,30,1
1138,1305,16,CT Scan,60,1
1139,1581,81,Health Checkup,20,3
1140,898,39,Blood Test,60,3
1141,1250,59,X-Ray,15,3
1142,700,35,Consultation,45,2
1143,232,81,Health Checkup,45,3
1144,345,91,Health Checkup,30,1
1145,1071,14,Blood Test,90,3
1146,1966,77,ECG,20,3
1147,1013,90,Physiotherapy,45,1
1148,1307,14,CT Scan,90,3
1149,565,33,ECG,45,3
1150,1713,33,ECG,15,1
1151,208,92,Health Checkup,20,3
1152,1014,29,Physiotherapy,90,2
1153,213,100,Health Checkup,60,3
1154,1716,73,Physiotherapy,60,3
1155,1783,86,Physiotherapy,15,3
1156,221,76,Blood Test,60,1
1157,241,98,MRI,30,3
1158,1378,91,Physiotherapy,45,3
1159,1525,6,ECG,90,2
1160,1746,59,Consultation,45,3
1161,1525,100,Physiotherapy,90,1
1162,443,73,X-Ray,15,3
1163,1938,43,Blood Test,30,2
1164,1643,4,Health Checkup,30,2
1165,1677,88,ECG,30,1
1166,567,58,Consultation,30,2
1167,1432,82,CT Scan,20,1
1168,1144,99,ECG,90,2
1169,1543,45,X-Ray,45,1
1170,684,46,MRI,30,2
1171,208,93,Blood Test,90,2
1172,641,80,Health Checkup,90,1
1173,1550,49,MRI,30,3
1174,995,45,ECG,45,2
1175,1546,21,X-Ray,30,1
1176,229,25,CT Scan,60,3
1177,1316,72,CT Scan,60,3
1178,365,51,Blood Test,20,1
1179,186,92,Physiotherapy,30,1
1180,1467,44,ECG,45,1
1181,1887,50,Blood Test,90,2
1182,1257,73,Blood Test,30,1
1183,907,6,MRI,60,1
1184,1368,36,Consultation,45,1
1185,1707,89,MRI,20,1
1186,902,83,MRI,20,1
1187,608,32,Consultation,60,2
1188,1717,57,Physiotherapy,60,3
1189,1164,25,Physiotherapy,20,3
1190,1190,52,Physiotherapy,90,2
1191,1448,47,CT Scan,45,2
1192,747,31,ECG,60,2
1193,158,89,X-Ray,30,3
1194,506,69,X-Ray,15,3
1195,1451,61,ECG,15,3
1196,467,93,ECG,90,3
1197,1321,71,MRI,45,2
1198,1177,7,Health Checkup,60,2
1199,1019,76,Physiotherapy,15,1
1200,46,72,Health Checkup,60,3
1201,118,45,Health Checkup,90,1
1202,131,88,ECG,15,3
1203,566,73,CT Scan,90,1
1204,1462,77,Health Checkup,45,3
1205,1566,18,Physiotherapy,20,3
1206,926,40,CT Scan,30,1
1207,1168,66,Physiotherapy,20,3
1208,1396,76,ECG,15,3
1209,109,92,ECG,60,1
1210,1587,10,Blood Test,60,2
1211,1496,21,MRI,20,3
1212,1585,98,X-Ray,20,1
1213,1330,64,Blood Test,30,1
1214,193,52,Physiotherapy,45,2
1215,1427,61,X-Ray,30,1
1216,197,40,ECG,20,3
1217,882,33,Health Checkup,15,1
1218,534,52,MRI,20,2
1219,1326,82,Blood Test,30,2
1220,1540,13,CT Scan,15,3
1221,125,72,Consultation,90,2
1222,196,22,Consultation,60,1
1223,10,42,Physiotherapy,30,1
1224,1639,73,ECG,15,1
1225,387,82,Health Checkup,20,3
1226,448,45,Blood Test,90,1
1227,1229,48,X-Ray,45,3
1228,1733,99,X-Ray,60,1
1229,1668,57,Consultation,60,1
1230,1916,69,Blood Test,30,2
1231,221,45,X-Ray,60,3
1232,343,13,Health Checkup,20,3
1233,318,79,ECG,45,3
1234,1123,50,Health Checkup,15,3
1235,1136,9,ECG,20,2
1236,290,31,Health Checkup,20,2
1237,86,46,Consultation,45,3
1238,1450,97,Blood Test,60,1
1239,1359,84,ECG,60,3
1240,1178,90,Physiotherapy,60,3
1241,412,37,ECG,20,2
1242,1564,26,CT Scan,90,2
1243,828,56,Physiotherapy,15,2
1244,49,63,Blood Test,30,3
1245,992,79,Physiotherapy,30,2
1246,1611,99,CT Scan,90,3
1247,113,68,Consultation,20,1
1248,629,76,X-Ray,90,2
1249,1514,7,Consultation,15,2
1250,789,25,ECG,60,1
1251,1688,88,Physiotherapy,90,3
1252,1074,23,ECG,90,3
1253,92,28,Blood Test,45,1
1254,1828,29,ECG,15,3
1255,417,64,MRI,60,3
1256,1256,2,Consultation,45,1
1257,1844,89,Blood Test,30,1
1258,1853,31,ECG,20,2
1259,1693,30,ECG,45,1
1260,320,19,MRI,60,3
1261,529,55,CT Scan,20,3
1262,1509,35,Physiotherapy,90,1
1263,852,53,Physiotherapy,30,1
1264,1673,100,Health Checkup,30,3
1265,22,81,Physiotherapy,15,3
1266,1572,58,X-Ray,90,3
1267,457,10,Blood Test,15,1
1268,1848,63,Blood Test,20,3
1269,671,22,CT Scan,90,3
1270,1906,89,Physiotherapy,30,3
1271,587,37,CT Scan,15,1
1272,809,26,Blood Test,60,2
1273,412,17,Consultation,45,2
1274,224,15,MRI,15,2
1275,378,11,Blood Test,20,2
1276,1261,48,Health Checkup,90,1
1277,906,77,Consultation,90,3
1278,1571,25,MRI,90,2
1279,90,73,Consultation,20,2
1280,1761,33,X-Ray,30,2
1281,411,83,Consultation,45,2
1282,314,38,Blood Test,20,1
1283,1285,25,ECG,90,3
1284,899,4,Health Checkup,15,1
1285,1233,68,CT Scan,60,1
1286,294,71,ECG,15,1
1287,1403,9,Physiotherapy,60,3
1288,36,80,X-Ray,90,2
1289,759,5,X-Ray,15,3
1290,479,1,Physiotherapy,15,3
1291,120,50,Blood Test,20,3
1292,73,73,Blood Test,15,3
1293,1688,61,Physiotherapy,30,3
1294,1262,50,Health Checkup,90,1
1295,1399,63,CT Scan,30,3
1296,932,62,X-Ray,45,3
1297,1802,47,MRI,20,2
1298,1305,94,X-Ray,45,2
1299,1807,21,ECG,90,1
1300,885,39,X-Ray,15,2
1301,841,91,MRI,45,1
1302,1721,81,ECG,20,2
1303,863,54,Health Checkup,90,2
1304,910,50,Health Checkup,30,2
1305,668,86,Physiotherapy,20,3
1306,1086,27,MRI,20,3
1307,392,73,MRI,90,3
1308,1606,80,ECG,45,3
1309,1767,98,Physiotherapy,30,3
1310,629,28,Physiotherapy,20,2
1311,223,70,Health Checkup,30,3
1312,845,7,MRI,20,2
1313,1130,21,Physiotherapy,60,2
1314,370,57,Consultation,90,1
1315,791,73,X-Ray,30,3
1316,1394,73,X-Ray,90,2
1317,1178,26,X-Ray,45,2
1318,960,32,X-Ray,45,2
1319,1251,98,Consultation,90,1
1320,1612,9,Blood Test,15,1
1321,1885,7,ECG,15,2
1322,1908,46,MRI,90,1
1323,1962,28,CT Scan,15,2
1324,1277,41,Health Checkup,45,2
1325,1441,23,CT Scan,30,1
1326,1644,72,X-Ray,20,1
1327,851,16,Physiotherapy,20,3
1328,1132,81,Health Checkup,90,2
1329,1414,32,Blood Test,90,1
1330,1863,57,Blood Test,15,1
1331,1803,49,Health Checkup,45,2
1332,350,99,Consultation,60,3
1333,1676,47,Health Checkup,60,3
1334,373,58,Consultation,45,3
1335,1161,45,ECG,15,2
1336,142,23,X-Ray,60,2
1337,1388,51,X-Ray,15,3
1338,404,82,ECG,30,3
1339,1624,11,ECG,60,2
1340,33,80,Physiotherapy,20,2
1341,1744,33,MRI,60,2
1342,1066,4,Health Checkup,30,1
1343,107,84,MRI,90,2
1344,539,58,Physiotherapy,30,1
1345,559,96,Health Checkup,90,1
1346,682,71,Consultation,20,3
1347,22,95,Consultation,30,2
1348,409,61,Physiotherapy,45,1
1349,1424,87,CT Scan,90,2
1350,688,47,Physiotherapy,45,3
1351,701,17,ECG,90,2
1352,1132,25,Health Checkup,30,2
1353,171,58,Blood Test,90,2
1354,1765,66,Blood Test,15,1
1355,1652,98,Blood Test,20,1
1356,363,48,Blood Test,20,3
1357,1642,31,Blood Test,15,1
1358,1481,2,ECG,60,1
1359,320,75,Health Checkup,90,2
1360,1610,86,Blood Test,60,1
1361,116,91,X-Ray,20,3
1362,1898,11,X-Ray,15,3
1363,1949,12,Consultation,45,3
1364,478,27,Consultation,90,1
1365,793,42,MRI,45,1
1366,1451,64,X-Ray,45,2
1367,1499,87,Consultation,45,1
1368,1040,1,Blood Test,20,1
1369,540,19,MRI,90,1
1370,1440,98,Blood Test,20,1
1371,1738,42,MRI,20,2
1372,1302,76,CT Scan,60,2
1373,1038,82,CT Scan,20,2
1374,514,45,MRI,60,1
1375,1342,88,CT Scan,30,1
1376,133,8,Blood Test,45,2
1377,1849,94,Consultation,60,2
1378,164,87,Health Checkup,15,3
1379,1382,12,ECG,60,2
1380,1430,88,Blood Test,60,2
1381,1490,41,Health Checkup,30,3
1382,1661,62,ECG,45,2
1383,1564,63,ECG,60,3
1384,390,30,X-Ray,15,3
1385,723,53,Health Checkup,45,2
1386,1892,52,Health Checkup,45,2
1387,313,19,Physiotherapy,45,1
1388,1789,18,ECG,45,3
1389,306,52,ECG,15,2
1390,1621,85,X-Ray,20,3
1391,1938,24,MRI,15,1
1392,802,61,X-Ray,30,2
1393,406,3,Health Checkup,45,1
1394,622,71,CT Scan,20,1
1395,997,78,Health Checkup,45,2
1396,1941,21,Health Checkup,90,1
1397,724,14,Blood Test,30,3
1398,977,78,CT Scan,20,1
1399,1063,64,MRI,45,2
1400,27,40,X-Ray,30,3
1401,637,88,Physiotherapy,60,1
1402,1227,17,CT Scan,30,3
1403,765,89,X-Ray,30,3
1404,1988,61,Blood Test,15,2
1405,758,54,MRI,20,2
1406,1410,30,ECG,90,2
1407,1612,36,ECG,60,2
1408,1431,25,X-Ray,30,3
1409,1173,30,MRI,20,2
1410,1154,61,Consultation,30,3
1411,1804,13,Physiotherapy,20,3
1412,659,11,Health Checkup,45,3
1413,1845,94,CT Scan,15,2
1414,798,100,MRI,30,3
1415,294,47,Consultation,45,1
1416,458,82,Consultation,30,2
1417,1690,80,Health Checkup,60,1
1418,1605,35,ECG,45,2
1419,1239,69,MRI,90,1
1420,1962,77,Blood Test,30,3
1421,125,95,MRI,60,3
1422,579,32,Physiotherapy,45,3
1423,1677,2,CT Scan,30,1
1424,296,38,Consultation,15,3
1425,1319,98,Physiotherapy,15,2
1426,953,100,X-Ray,45,3
1427,783,72,X-Ray,60,2
1428,1554,41,Blood Test,30,2
1429,566,26,Health Checkup,30,1
1430,1202,17,ECG,15,1
1431,108,42,Health Checkup,30,1
1432,646,93,Physiotherapy,60,1
1433,1288,56,ECG,45,1
1434,669,79,Consultation,90,2
1435,664,73,Consultation,60,1
1436,1481,92,X-Ray,45,1
1437,1899,9,X-Ray,20,1
1438,1071,21,MRI,15,2
1439,1992,46,ECG,15,2
1440,704,97,Blood Test,45,2
1441,1117,8,Physiotherapy,90,2
1442,1423,20,Blood Test,20,2
1443,326,15,CT Scan,20,1
1444,116,83,Consultation,15,3
1445,1727,90,MRI,45,1
1446,87,29,MRI,20,1
1447,1026,41,ECG,45,3
1448,1373,51,Consultation,60,2
1449,1009,4,Physiotherapy,60,1
1450,83,26,Consultation,20,1
1451,1194,63,Consultation,30,3
1452,166,75,ECG,60,1
1453,814,28,X-Ray,60,1
1454,1875,81,CT Scan,30,3
1455,767,66,Physiotherapy,20,1
1456,1545,78,CT Scan,30,1
1457,670,34,Physiotherapy,15,3
1458,585,58,Consultation,45,3
1459,1982,84,Physiotherapy,20,1
1460,231,6,Physiotherapy,15,3
1461,1911,27,MRI,60,3
1462,1531,39,MRI,60,2
1463,740,60,Consultation,90,3
1464,471,73,CT Scan,20,3
1465,49,40,Consultation,20,1
1466,1763,43,MRI,45,3
1467,796,93,ECG,45,2
1468,1233,97,X-Ray,45,2
1469,1149,77,CT Scan,90,1
1470,160,79,Blood Test,15,1
1471,1269,7,Consultation,30,1
1472,622,57,Physiotherapy,90,3
1473,1969,21,Blood Test,15,2
1474,441,83,MRI,45,3
1475,1795,48,Blood Test,30,2
1476,1339,3,CT Scan,15,1
1477,619,19,CT Scan,45,1
1478,247,82,Consultation,45,1
1479,30,15,Blood Test,90,1
1480,933,75,CT Scan,30,1
1481,1440,73,Health Checkup,15,3
1482,1417,20,MRI,15,2
1483,1389,49,Consultation,15,2
1484,886,60,Physiotherapy,20,1
1485,1182,6,Blood Test,30,3
1486,577,93,Health Checkup,20,2
1487,50,86,CT Scan,20,1
1488,1413,58,Consultation,90,1
1489,1789,73,Physiotherapy,60,3
1490,1001,30,Consultation,30,2
1491,182,77,ECG,45,2
1492,1116,21,ECG,90,2
1493,1488,71,X-Ray,30,3
1494,1310,45,Physiotherapy,20,3
1495,823,48,Health Checkup,30,2
1496,303,87,Health Checkup,90,3
1497,836,47,Physiotherapy,15,3
1498,519,18,ECG,30,3
1499,956,58,X-Ray,15,2
1500,1038,81,X-Ray,60,2
1501,1107,81,X-Ray,60,1
1502,1672,27,Physiotherapy,15,2
1503,1804,15,Consultation,60,1
1504,1179,1,CT Scan,60,3
1505,1930,22,MRI,90,3
1506,1614,43,Health Checkup,15,2
1507,1499,48,Physiotherapy,60,3
1508,1679,51,MRI,60,2
1509,1536,53,Blood Test,20,3
1510,1319,59,X-Ray,90,1
1511,1467,1,Blood Test,45,1
1512,1876,10,CT Scan,20,2
1513,621,27,Blood Test,20,1
1514,34,4,CT Scan,15,1
1515,381,100,Blood Test,15,2
1516,927,16,Physiotherapy,30,3
1517,826,2,CT Scan,30,2
1518,768,27,CT Scan,45,3
1519,1208,62,Consultation,90,2
1520,65,64,ECG,30,1
1521,524,90,Health Checkup,45,3
1522,1577,13,Physiotherapy,90,3
1523,1271,45,Health Checkup,15,2
1524,80,63,Blood Test,45,2
1525,1114,12,Blood Test,20,3
1526,1702,92,Blood Test,45,2
1527,1535,44,MRI,60,2
1528,71,42,CT Scan,60,3
1529,1751,58,MRI,60,2
1530,195,2,X-Ray,60,3
1531,1600,4,Health Checkup,15,3
1532,372,60,CT Scan,90,3
1533,795,69,Consultation,30,3
1534,241,90,Health Checkup,20,2
1535,601,21,Consultation,30,3
1536,679,55,Blood Test,90,1
1537,1984,10,MRI,45,2
1538,511,1,Physiotherapy,90,3
1539,1855,23,Physiotherapy,15,2
1540,375,29,ECG,90,3
1541,1732,64,MRI,90,2
1542,1656,90,Blood Test,15,1
1543,286,17,Consultation,45,2
1544,751,90,Physiotherapy,15,3
1545,1076,89,ECG,90,3
1546,218,54,Health Checkup,15,2
1547,894,72,Physiotherapy,15,1
1548,179,34,ECG,45,2
1549,1039,32,X-Ray,15,1
1550,332,12,X-Ray,90,1
1551,914,85,ECG,60,2
1552,979,9,X-Ray,60,2
1553,238,72,Consultation,20,1
1554,302,39,X-Ray,90,3
1555,801,2,ECG,15,3
1556,1615,2,Blood Test,60,3
1557,545,75,Consultation,30,1
1558,655,32,Health Checkup,20,1
1559,1360,61,Health Checkup,45,1
1560,203,23,Physiotherapy,60,3
1561,1285,70,Blood Test,20,3
1562,261,66,X-Ray,15,2
1563,1052,10,X-Ray,20,3
1564,1543,53,ECG,20,2
1565,833,8,Physiotherapy,15,2
1566,1599,51,Consultation,20,3
1567,1488,48,Physiotherapy,45,3
1568,1713,29,X-Ray,45,3
1569,1945,66,Physiotherapy,90,3
1570,323,31,CT Scan,45,1
1571,887,77,Consultation,45,1
1572,1151,11,X-Ray,90,1
1573,757,36,Physiotherapy,30,2
1574,1332,44,CT Scan,60,3
1575,670,40,Health Checkup,60,2
1576,791,97,X-Ray,45,2
1577,187,89,Health Checkup,30,3
1578,1059,79,Blood Test,30,3
1579,550,35,CT Scan,60,3
1580,467,41,ECG,20,3
1581,392,45,CT Scan,20,2
1582,1061,87,Physiotherapy,30,2
1583,1225,55,MRI,60,1
1584,1643,99,CT Scan,20,3
1585,1405,47,ECG,20,2
1586,1192,67,X-Ray,15,3
1587,1481,38,MRI,20,3
1588,1618,82,ECG,20,3
1589,1659,64,ECG,20,2
1590,992,92,CT Scan,60,2
1591,1101,44,X-Ray,30,3
1592,148,33,Blood Test,45,3
1593,806,1,Blood Test,20,2
1594,1901,64,Health Checkup,60,3
1595,1682,36,Physiotherapy,20,2
1596,105,55,Health Checkup,60,1
1597,976,56,Physiotherapy,30,1
1598,287,24,Blood Test,30,1
1599,85,9,CT Scan,15,3
1600,1097,35,X-Ray,15,3
1601,1407,55,MRI,15,3
1602,1161,8,Consultation,15,2
1603,1279,93,CT Scan,30,2
1604,493,30,MRI,60,3
1605,1169,97,CT Scan,60,2
1606,1722,31,X-Ray,15,3
1607,1197,41,MRI,20,2
1608,417,70,Consultation,20,1
1609,1170,95,CT Scan,45,1
1610,196,32,Physiotherapy,20,1
1611,942,79,X-Ray,20,1
1612,573,14,Consultation,20,3
1613,632,56,Physiotherapy,45,1
1614,476,13,Blood Test,45,3
1615,910,57,X-Ray,90,2
1616,1743,79,Physiotherapy,15,3
1617,1567,35,MRI,90,2
1618,895,68,ECG,30,1
1619,1023,65,Physiotherapy,45,3
1620,421,48,X-Ray,90,1
1621,1231,90,Physiotherapy,20,2
1622,425,28,ECG,30,2
1623,562,32,CT Scan,20,2
1624,1230,61,Consultation,90,3
1625,500,83,Blood Test,45,3
1626,1639,3,Physiotherapy,60,2
1627,737,49,Consultation,45,2
1628,1484,58,Physiotherapy,15,2
1629,523,45,MRI,30,2
1630,1867,34,Health Checkup,20,1
1631,449,75,MRI,15,2
1632,747,7,MRI,15,3
1633,1876,21,Blood Test,60,3
1634,1133,7,CT Scan,15,3
1635,1909,33,Health Checkup,20,2
1636,291,56,CT Scan,20,1
1637,839,40,X-Ray,60,1
1638,475,12,Consultation,60,3
1639,1604,95,X-Ray,30,3
1640,964,55,X-Ray,20,1
1641,1655,26,Blood Test,15,1
1642,552,23,Blood Test,45,3
1643,1559,48,X-Ray,20,3
1644,1910,24,MRI,15,2
1645,1752,22,CT Scan,60,1
1646,1026,65,Consultation,45,1
1647,343,7,Health Checkup,20,1
1648,496,78,ECG,60,2
1649,948,32,Health Checkup,20,3
1650,226,92,MRI,20,3
1651,1242,97,Consultation,15,2
1652,279,1,CT Scan,45,3
1653,1637,63,Physiotherapy,60,3
1654,1488,52,Health Checkup,90,3
1655,725,78,Physiotherapy,30,3
1656,1919,53,X-Ray,60,2
1657,259,5,MRI,15,3
1658,753,39,Blood Test,60,2
1659,784,49,CT Scan,30,1
1660,645,63,MRI,15,1
1661,892,100,X-Ray,45,3
1662,1619,98,X-Ray,90,2
1663,812,32,X-Ray,15,1
1664,1851,57,CT Scan,45,2
1665,956,92,Health Checkup,30,1
1666,949,17,Physiotherapy,15,1
1667,1941,19,Blood Test,30,2
1668,109,45,Health Checkup,45,3
1669,1787,56,Blood Test,60,2
1670,727,66,Health Checkup,15,2
1671,139,46,ECG,20,2
1672,1889,65,X-Ray,15,1
1673,299,96,CT Scan,15,1
1674,1044,28,ECG,15,2
1675,827,43,Health Checkup,30,3
1676,669,37,ECG,15,3
1677,1200,16,Health Checkup,45,2
1678,1564,66,Consultation,90,3
1679,1493,96,Blood Test,20,2
1680,677,85,Health Checkup,90,3
1681,1301,35,X-Ray,20,1
1682,191,79,Physiotherapy,30,2
1683,452,6,Consultation,30,1
1684,1953,18,MRI,45,3
1685,397,54,X-Ray,45,3
1686,1164,33,MRI,15,1
1687,335,5,CT Scan,90,2
1688,1612,9,MRI,45,1
1689,1895,87,Health Checkup,15,1
1690,1371,59,ECG,60,3
1691,763,61,CT Scan,60,3
1692,1123,95,ECG,90,3
1693,669,68,X-Ray,90,3
1694,1711,92,CT Scan,60,1
1695,464,3,Physiotherapy,45,2
1696,673,66,CT Scan,45,3
1697,829,7,CT Scan,30,1
1698,1688,19,MRI,20,1
1699,951,20,Blood Test,90,3
1700,1036,47,Physiotherapy,90,2
1701,859,73,ECG,30,1
1702,497,21,Health Checkup,90,1
1703,1588,41,Consultation,45,2
1704,1670,56,X-Ray,45,2
1705,63,43,ECG,15,2
1706,483,63,Health Checkup,45,3
1707,439,52,Physiotherapy,20,2
1708,499,79,X-Ray,30,1
1709,1225,42,Physiotherapy,15,1
1710,169,11,Consultation,20,3
1711,878,64,Blood Test,90,3
1712,312,7,Consultation,45,1
1713,67,18,CT Scan,30,3
1714,1405,90,ECG,90,3
1715,180,6,X-Ray,30,2
1716,205,5,Blood Test,15,3
1717,1,25,X-Ray,45,2
1718,221,35,CT Scan,60,3
1719,147,79,CT Scan,20,1
1720,947,78,CT Scan,20,3
1721,1590,90,Blood Test,45,3
1722,459,89,CT Scan,15,2
1723,1746,44,X-Ray,90,2
1724,1660,58,ECG,60,2
1725,602,84,Physiotherapy,45,1
1726,1627,40,ECG,20,1
1727,945,20,X-Ray,15,1
1728,121,76,Blood Test,20,1
1729,920,17,X-Ray,90,1
1730,579,99,ECG,90,2
1731,1187,31,Health Checkup,45,2
1732,252,83,CT Scan,90,1
1733,1835,61,Consultation,30,1
1734,801,25,ECG,15,1
1735,65,33,Physiotherapy,20,2
1736,950,85,Physiotherapy,90,2
1737,921,18,ECG,90,3
1738,865,85,ECG,60,3
1739,377,1,X-Ray,30,2
1740,191,63,ECG,20,1
1741,1811,18,MRI,60,3
1742,1015,36,MRI,90,1
1743,856,5,Consultation,90,2
1744,1457,44,ECG,30,1
1745,215,62,MRI,20,1
1746,681,88,CT Scan,60,2
1747,1822,68,MRI,45,3
1748,1639,6,Health Checkup,90,3
1749,1121,38,Health Checkup,15,2
1750,682,3,Physiotherapy,60,3
1751,1977,9,Health Checkup,45,2
1752,1873,78,MRI,30,3
1753,457,58,CT Scan,30,3
1754,1746,5,MRI,90,3
1755,521,51,CT Scan,15,3
1756,470,6,MRI,45,1
1757,814,1,Physiotherapy,15,1
1758,1644,36,Physiotherapy,15,3
1759,1779,94,CT Scan,60,3
1760,105,64,MRI,60,3
1761,1132,37,Blood Test,20,2
1762,1149,93,ECG,20,3
1763,1344,26,Consultation,90,2
1764,164,43,MRI,45,1
1765,204,17,CT Scan,20,3
1766,599,86,CT Scan,45,1
1767,1856,55,MRI,90,1
1768,741,13,CT Scan,30,3
1769,1417,71,Blood Test,15,1
1770,1789,16,Consultation,20,1
1771,1595,99,CT Scan,20,1
1772,1567,58,ECG,15,3
1773,1569,100,Health Checkup,60,1
1774,986,86,CT Scan,15,2
1775,1616,12,ECG,20,2
1776,1652,25,CT Scan,90,1
1777,1866,80,Blood Test,15,1
1778,299,44,X-Ray,60,3
1779,1096,25,Health Checkup,90,2
1780,62,44,Physiotherapy,45,1
1781,1654,66,Physiotherapy,20,1
1782,390,80,Health Checkup,60,3
1783,1429,9,MRI,90,2
1784,1142,99,Health Checkup,45,2
1785,1316,48,MRI,15,1
1786,928,25,Consultation,60,2
1787,36,86,ECG,90,2
1788,852,96,Consultation,30,2
1789,175,18,Blood Test,60,3
1790,1150,99,Blood Test,60,1
1791,970,64,ECG,15,3
1792,1661,5,ECG,20,2
1793,1100,55,CT Scan,15,1
1794,113,39,X-Ray,90,2
1795,1671,49,X-Ray,30,2
1796,1741,53,Blood Test,60,2
1797,154,64,CT Scan,90,2
1798,834,3,Consultation,30,2
1799,379,92,Blood Test,20,3
1800,1235,77,Blood Test,30,1
1801,195,34,ECG,30,1
1802,375,74,MRI,60,1
1803,475,7,CT Scan,30,3
1804,1546,70,Blood Test,90,3
1805,1916,74,CT Scan,60,3
1806,610,13,Physiotherapy,15,2
1807,1882,54,Blood Test,90,2
1808,552,95,Consultation,20,1
1809,194,76,Consultation,15,2
1810,88,61,ECG,45,3
1811,219,34,X-Ray,60,3
1812,1834,32,Blood Test,30,1
1813,380,84,Blood Test,90,1
1814,964,28,X-Ray,20,3
1815,1961,88,MRI,45,1
1816,1396,67,CT Scan,60,3
1817,1590,25,Health Checkup,60,1
1818,122,56,MRI,60,3
1819,796,25,CT Scan,30,1
1820,829,76,Physiotherapy,60,2
1821,552,32,Blood Test,90,2
1822,523,83,Health Checkup,15,1
1823,831,76,MRI,90,2
1824,1416,17,X-Ray,90,3
1825,246,86,MRI,20,3
1826,83,30,MRI,90,1
1827,1498,10,Physiotherapy,20,1
1828,567,15,Consultation,90,1
1829,1469,15,Consultation,45,1
1830,700,27,Health Checkup,20,1
1831,1484,83,Blood Test,30,2
1832,842,49,CT Scan,45,3
1833,413,82,X-Ray,20,2
1834,724,25,MRI,45,2
1835,1944,36,Physiotherapy,15,2
1836,7,56,Health Checkup,20,1
1837,1601,8,Health Checkup,60,2
1838,418,53,Blood Test,30,1
1839,581,36,X-Ray,45,1
1840,970,98,Blood Test,60,2
1841,713,39,MRI,45,1
1842,1410,36,Health Checkup,45,2
1843,329,62,MRI,45,1
1844,36,100,MRI,90,2
1845,788,29,X-Ray,15,2
1846,1478,48,CT Scan,90,1
1847,557,85,CT Scan,90,2
1848,42,9,Blood Test,20,2
1849,517,32,X-Ray,90,2
1850,1083,1,X-Ray,15,2
1851,1574,89,Physiotherapy,60,2
1852,3,62,MRI,20,1
1853,1501,40,Physiotherapy,30,3
1854,1648,35,MRI,90,2
1855,1372,78,ECG,15,2
1856,967,80,MRI,20,2
1857,94,44,ECG,45,1
1858,1091,43,Health Checkup,20,2
1859,1961,72,Consultation,90,1
1860,212,73,X-Ray,20,2
1861,1775,6,MRI,45,2
1862,1096,95,Blood Test,15,3
1863,1999,71,Health Checkup,90,1
1864,453,95,MRI,20,2
1865,199,5,CT Scan,15,3
1866,838,16,CT Scan,90,3
1867,1823,58,MRI,15,2
1868,1892,31,Blood Test,15,2
1869,1621,77,MRI,15,2
1870,1412,36,X-Ray,90,3
1871,1493,1,Health Checkup,20,2
1872,1818,43,Blood Test,15,3
1873,1194,30,CT Scan,15,2
1874,1427,45,ECG,45,3
1875,1426,22,Consultation,90,1
1876,1285,74,Consultation,90,2
1877,395,23,X-Ray,20,3
1878,93,94,X-Ray,20,1
1879,405,17,CT Scan,45,1
1880,1356,58,MRI,60,1
1881,65,16,MRI,30,3
1882,1550,98,CT Scan,90,2
1883,316,89,Blood Test,20,2
1884,775,1,X-Ray,30,1
1885,1092,23,Physiotherapy,15,1
1886,1566,21,MRI,15,1
1887,851,14,Physiotherapy,20,3
1888,1665,22,CT Scan,90,3
1889,1462,72,ECG,45,1
1890,1698,77,MRI,45,2
1891,353,79,Health Checkup,30,2
1892,533,78,MRI,90,1
1893,402,52,CT Scan,45,3
1894,953,12,Blood Test,90,1
1895,1845,7,MRI,90,3
1896,1093,15,Health Checkup,45,3
1897,1190,92,X-Ray,15,3
1898,369,69,MRI,20,1
1899,1860,7,Blood Test,20,3
1900,1132,11,ECG,60,3
1901,192,34,CT Scan,30,3
1902,279,23,Consultation,45,2
1903,1742,27,X-Ray,20,3
1904,1304,12,X-Ray,60,2
1905,147,55,Blood Test,90,2
1906,944,22,CT Scan,30,1
1907,68,98,Consultation,15,3
1908,1415,4,Consultation,15,2
1909,338,97,Blood Test,15,3
1910,390,62,Blood Test,45,3
1911,1327,48,Consultation,90,3
1912,1984,78,Consultation,90,1
1913,724,41,Physiotherapy,90,1
1914,1628,65,CT Scan,30,2
1915,327,11,X-Ray,60,3
1916,1181,70,Health Checkup,30,2
1917,1070,99,Blood Test,20,1
1918,1689,98,CT Scan,60,3
1919,1615,6,ECG,45,2
1920,83,65,Physiotherapy,45,1
1921,91,77,Consultation,15,3
1922,536,32,Physiotherapy,30,3
1923,700,12,ECG,90,3
1924,564,68,X-Ray,45,2
1925,1154,16,MRI,45,1
1926,1634,35,MRI,30,2
1927,1355,7,ECG,30,1
1928,1608,74,Physiotherapy,90,1
1929,1132,92,Consultation,90,2
1930,109,53,MRI,20,2
1931,1234,79,Health Checkup,60,2
1932,1611,3,X-Ray,20,1
1933,125,35,Consultation,15,2
1934,518,68,Blood Test,60,3
1935,1513,1,CT Scan,90,3
1936,530,83,X-Ray,60,2
1937,1021,32,MRI,45,3
1938,1565,25,Blood Test,45,2
1939,497,20,Blood Test,20,3
1940,820,80,CT Scan,90,1
1941,1069,74,CT Scan,45,2
1942,325,3,MRI,45,3
1943,268,48,Physiotherapy,20,1
1944,635,100,CT Scan,15,2
1945,1789,6,Physiotherapy,30,3
1946,799,21,ECG,30,2
1947,1775,6,X-Ray,45,1
1948,1477,87,ECG,30,3
1949,1400,24,CT Scan,20,3
1950,48,86,Blood Test,45,2
1951,631,53,CT Scan,30,3
1952,1180,68,Consultation,20,3
1953,224,48,MRI,60,3
1954,1026,67,X-Ray,30,2
1955,1486,18,Health Checkup,60,3
1956,127,87,ECG,15,2
1957,1407,82,Consultation,30,1
1958,420,28,MRI,30,1
1959,1697,68,CT Scan,60,2
1960,1810,91,Blood Test,45,3
1961,455,19,Blood Test,15,1
1962,1457,77,Health Checkup,60,2
1963,1478,16,Consultation,60,1
1964,494,76,Blood Test,90,3
1965,406,64,MRI,20,2
1966,1319,42,MRI,15,2
1967,1751,5,Blood Test,15,3
1968,1560,65,Health Checkup,30,2
1969,196,60,Physiotherapy,60,3
1970,1770,68,Consultation,15,1
1971,428,4,Consultation,60,1
1972,686,100,Physiotherapy,15,3
1973,262,77,Consultation,20,3
1974,773,43,Health Checkup,90,3
1975,1019,34,CT Scan,60,1
1976,1967,93,Physiotherapy,15,3
1977,1393,28,Physiotherapy,30,3
1978,1623,45,X-Ray,15,1
1979,638,78,Blood Test,15,3
1980,1310,99,CT Scan,15,3
1981,599,29,MRI,45,3
1982,978,44,Consultation,60,1
1983,1550,53,MRI,20,3
1984,323,28,X-Ray,15,1
1985,925,36,ECG,30,2
1986,158,12,CT Scan,15,3
1987,1528,94,CT Scan,20,3
1988,1098,53,Consultation,30,3
1989,44,100,ECG,20,2
1990,1917,51,Physiotherapy,45,3
1991,95,67,Blood Test,15,3
1992,264,55,Consultation,15,1
1993,1792,8,MRI,30,2
1994,815,78,Blood Test,15,2
1995,316,88,Health Checkup,15,2
1996,1926,96,MRI,15,1
1997,1573,28,CT Scan,30,2
1998,107,56,X-Ray,45,3
1999,223,63,Health Checkup,45,3
2000,1320,19,MRI,60,2
2001,595,96,Consultation,15,1
2002,623,71,Consultation,60,2
2003,1598,25,ECG,30,1
2004,977,86,X-Ray,45,1
2005,435,30,ECG,60,3
2006,255,7,Blood Test,90,2
2007,925,89,Consultation,60,1
2008,1040,48,Blood Test,30,2
2009,1176,24,Consultation,90,2
2010,523,75,X-Ray,45,3
2011,1447,74,Physiotherapy,60,3
2012,1655,49,CT Scan,60,3
2013,1239,98,Health Checkup,15,3
2014,606,19,ECG,60,2
2015,1305,73,MRI,20,2
2016,1158,14,CT Scan,15,3
2017,1818,40,MRI,20,1
2018,222,24,MRI,30,1
2019,1590,56,Physiotherapy,60,3
2020,1968,8,Physiotherapy,60,3
2021,48,72,Health Checkup,20,2
2022,1312,16,Health Checkup,45,1
2023,1315,57,X-Ray,90,1
2024,634,72,MRI,60,3
2025,452,42,ECG,90,1
2026,1841,67,X-Ray,90,3
2027,1551,3,CT Scan,15,2
2028,1967,53,Blood Test,20,3
2029,1160,79,Physiotherapy,30,1
2030,1125,19,Physiotherapy,60,2
2031,1116,87,X-Ray,45,3
2032,545,12,Physiotherapy,60,2
2033,706,53,Blood Test,20,1
2034,1151,62,Physiotherapy,15,3
2035,1702,88,X-Ray,20,3
2036,643,74,ECG,15,2
2037,1728,25,CT Scan,45,3
2038,306,31,CT Scan,60,2
2039,1283,6,Consultation,20,2
2040,1541,29,Consultation,15,3
2041,1746,66,Physiotherapy,60,2
2042,1859,50,Blood Test,15,1
2043,1708,98,Physiotherapy,60,1
2044,154,11,MRI,60,2
2045,1687,4,Consultation,15,2
2046,1081,8,CT Scan,15,2
2047,1290,78,Blood Test,90,2
2048,112,59,Physiotherapy,20,3
2049,1069,26,Health Checkup,90,2
2050,1285,19,Consultation,90,2
2051,452,82,CT Scan,30,1
2052,1835,64,Health Checkup,45,3
2053,577,51,X-Ray,15,3
2054,1932,58,X-Ray,90,2
2055,1563,53,X-Ray,60,1
2056,706,3,Blood Test,90,2
2057,1485,81,Health Checkup,45,1
2058,330,73,Blood Test,30,1
2059,814,68,CT Scan,15,1
2060,407,26,Health Checkup,20,1
2061,1920,17,ECG,30,3
2062,1906,22,MRI,30,2
2063,223,60,Blood Test,45,1
2064,420,22,Blood Test,15,3
2065,335,1,Physiotherapy,15,1
2066,1537,55,MRI,60,3
2067,651,17,Health Checkup,45,3
2068,1175,45,Physiotherapy,15,1
2069,447,58,Blood Test,90,3
2070,608,40,CT Scan,60,1
2071,1487,22,ECG,15,1
2072,1770,51,CT Scan,60,1
2073,1993,13,Physiotherapy,30,2
2074,109,31,Health Checkup,20,3
2075,513,14,Physiotherapy,45,3
2076,222,19,Health Checkup,90,2
2077,1367,66,X-Ray,20,1
2078,29,21,Blood Test,45,3
2079,1099,24,Blood Test,90,1
2080,535,67,Physiotherapy,20,3
2081,1119,44,Health Checkup,90,3
2082,1243,57,MRI,45,1
2083,1792,70,MRI,15,3
2084,363,70,ECG,45,1
2085,694,30,Health Checkup,90,1
2086,1010,90,Physiotherapy,45,3
2087,1899,16,Health Checkup,45,3
2088,126,52,Health Checkup,20,2
2089,1062,100,X-Ray,15,2
2090,1566,1,Physiotherapy,60,1
2091,173,85,X-Ray,20,1
2092,1289,45,ECG,90,1
2093,177,51,ECG,15,2
2094,1105,58,Blood Test,90,2
2095,830,73,X-Ray,90,1
2096,1071,84,X-Ray,15,3
2097,285,42,Physiotherapy,45,3
2098,1956,6,CT Scan,20,2
2099,1277,78,CT Scan,60,1
2100,1952,21,X-Ray,15,2
2101,1636,5,MRI,90,3
2102,888,93,CT Scan,60,2
2103,1328,17,CT Scan,60,2
2104,1733,95,Blood Test,90,1
2105,581,45,Health Checkup,90,3
2106,1040,59,Consultation,90,3
2107,904,12,ECG,20,1
2108,1834,70,Physiotherapy,45,2
2109,979,26,X-Ray,15,3
2110,926,36,Physiotherapy,15,3
2111,131,93,Health Checkup,45,3
2112,1090,64,Physiotherapy,60,1
2113,1756,80,Physiotherapy,60,2
2114,1472,20,X-Ray,30,3
2115,1182,26,Health Checkup,90,1
2116,1620,83,ECG,90,3
2117,2,52,X-Ray,90,3
2118,1623,31,ECG,15,3
2119,552,4,ECG,45,2
2120,1491,80,ECG,90,2
2121,1166,5,Consultation,90,1
2122,344,36,X-Ray,90,2
2123,1746,48,CT Scan,30,1
2124,1914,68,Physiotherapy,45,3
2125,808,26,X-Ray,30,3
2126,603,24,MRI,90,1
2127,1400,69,CT Scan,45,1
2128,1775,25,Blood Test,30,2
2129,337,34,Blood Test,90,3
2130,1876,42,X-Ray,60,2
2131,1480,62,X-Ray,30,2
2132,344,74,X-Ray,45,3
2133,454,89,MRI,30,3
2134,1246,88,ECG,15,1
2135,1763,65,Blood Test,60,3
2136,802,48,ECG,15,3
2137,1003,67,CT Scan,45,3
2138,665,3,ECG,45,3
2139,589,34,MRI,15,1
2140,628,81,Blood Test,90,3
2141,1689,74,Blood Test,15,2
2142,1227,62,X-Ray,15,1
2143,1069,91,ECG,60,1
2144,552,5,Blood Test,30,1
2145,808,40,Blood Test,30,2
2146,930,14,ECG,30,1
2147,220,28,X-Ray,30,3
2148,1815,28,Physiotherapy,45,3
2149,1733,68,Blood Test,20,2
2150,917,41,Consultation,15,3
2151,545,20,Blood Test,30,1
2152,73,100,ECG,20,2
2153,785,79,Blood Test,90,3
2154,1073,61,Consultation,60,3
2155,1710,17,Health Checkup,15,2
2156,740,17,MRI,60,3
2157,1143,99,ECG,45,1
2158,1824,18,ECG,60,2
2159,853,8,ECG,60,3
2160,851,97,Health Checkup,60,2
2161,573,39,X-Ray,20,2
2162,1447,44,ECG,90,3
2163,573,70,ECG,90,3
2164,865,47,ECG,90,3
2165,590,23,X-Ray,30,3
2166,1865,16,Blood Test,90,2
2167,681,4,X-Ray,15,1
2168,88,20,CT Scan,30,3
2169,471,76,MRI,15,1
2170,269,83,Blood Test,30,2
2171,142,27,Consultation,30,2
2172,985,5,MRI,90,3
2173,872,72,X-Ray,90,1
2174,582,39,CT Scan,60,3
2175,1264,50,Physiotherapy,60,3
2176,1468,63,X-Ray,45,3
2177,1919,29,Physiotherapy,45,3
2178,1616,57,CT Scan,90,2
2179,307,96,Consultation,20,2
2180,1733,66,X-Ray,30,2
2181,429,9,MRI,20,3
2182,1113,14,X-Ray,20,1
2183,259,26,X-Ray,90,1
2184,1284,40,Blood Test,15,2
2185,1513,2,Blood Test,60,1
2186,851,34,Health Checkup,20,1
2187,1470,71,Health Checkup,30,1
2188,1091,22,Health Checkup,45,3
2189,1447,12,Health Checkup,20,1
2190,1843,45,Health Checkup,45,2
2191,534,96,ECG,60,3
2192,545,62,X-Ray,45,1
2193,1767,74,Consultation,30,1
2194,1267,12,Health Checkup,45,3
2195,1135,31,Blood Test,45,1
2196,1126,24,Health Checkup,15,3
2197,961,23,Blood Test,45,3
2198,441,26,Health Checkup,90,3
2199,445,73,X-Ray,15,2
2200,373,23,X-Ray,60,3
2201,1863,79,MRI,90,2
2202,1806,22,Blood Test,90,2
2203,1638,42,Blood Test,90,2
2204,484,71,X-Ray,20,1
2205,666,84,ECG,90,1
2206,1617,74,MRI,30,3
2207,1925,40,CT Scan,45,1
2208,1002,93,Health Checkup,90,3
2209,1808,64,MRI,20,2
2210,594,32,Consultation,60,2
2211,535,33,Health Checkup,60,3
2212,1485,15,X-Ray,45,3
2213,1690,75,Health Checkup,15,1
2214,1170,23,Health Checkup,15,1
2215,114,43,MRI,90,3
2216,960,98,Health Checkup,90,1
2217,439,63,ECG,20,3
2218,1949,72,MRI,20,1
2219,58,87,Blood Test,20,2
2220,814,94,Consultation,60,1
2221,355,5,Consultation,30,3
2222,1002,78,Health Checkup,60,3
2223,1037,73,Health Checkup,30,3
2224,432,89,ECG,90,3
2225,732,24,MRI,90,3
2226,808,8,Consultation,20,1
2227,570,39,MRI,45,3
2228,168,74,ECG,15,2
2229,137,45,X-Ray,20,3
2230,1169,12,Consultation,20,3
2231,1183,22,ECG,90,1
2232,190,39,MRI,45,2
2233,1339,95,MRI,15,3
2234,1687,26,Consultation,60,2
2235,963,11,MRI,90,3
2236,1024,12,Blood Test,20,2
2237,100,82,X-Ray,90,1
2238,237,27,X-Ray,15,3
2239,1893,90,Health Checkup,45,2
2240,1542,85,X-Ray,15,1
2241,1241,99,Blood Test,15,1
2242,784,52,Blood Test,20,1
2243,86,16,Consultation,45,1
2244,1481,44,Health Checkup,20,1
2245,1896,80,MRI,15,2
2246,1172,25,Physiotherapy,45,2
2247,427,69,Consultation,90,1
2248,933,84,CT Scan,60,1
2249,307,98,CT Scan,20,1
2250,185,37,Consultation,60,3
2251,809,81,X-Ray,30,1
2252,1181,86,ECG,20,1
2253,1222,37,Physiotherapy,20,1
2254,1721,76,MRI,90,2
2255,1982,45,Physiotherapy,15,3
2256,1508,84,Consultation,20,3
2257,1366,73,ECG,20,3
2258,1195,64,Consultation,15,1
2259,1985,59,Blood Test,20,2
2260,391,55,ECG,60,2
2261,1106,47,Physiotherapy,30,1
2262,435,4,CT Scan,15,3
2263,1595,20,Consultation,20,2
2264,1906,7,Physiotherapy,15,2
2265,1258,21,Health Checkup,20,3
2266,1014,36,Consultation,20,3
2267,1269,8,Health Checkup,90,3
2268,1975,11,Physiotherapy,45,3
2269,46,53,MRI,20,1
2270,1762,37,Blood Test,30,2
2271,535,21,Consultation,20,3
2272,1455,37,Consultation,20,1
2273,256,3,ECG,45,2
2274,1156,99,Health Checkup,30,2
2275,1829,40,Blood Test,30,2
2276,1209,87,ECG,30,2
2277,871,23,MRI,30,2
2278,1724,14,X-Ray,30,2
2279,890,1,Blood Test,15,3
2280,122,99,Blood Test,60,1
2281,80,27,Consultation,90,2
2282,1135,30,Blood Test,45,2
2283,566,98,Blood Test,45,1
2284,868,67,Consultation,60,1
2285,1059,13,ECG,45,1
2286,304,76,Consultation,90,1
2287,1996,44,Consultation,45,1
2288,401,66,Consultation,45,2
2289,209,32,Consultation,45,3
2290,470,43,Blood Test,15,2
2291,740,68,CT Scan,45,2
2292,409,52,X-Ray,15,3
2293,403,4,Consultation,60,2
2294,373,45,ECG,45,2
2295,1441,55,CT Scan,45,1
2296,419,16,Consultation,30,1
2297,1375,100,MRI,60,2
2298,321,57,CT Scan,45,2
2299,895,20,Blood Test,30,3
2300,132,68,MRI,20,3
2301,1749,61,Consultation,15,1
2302,545,52,Physiotherapy,45,1
2303,637,43,Consultation,15,1
2304,104,58,Health Checkup,90,2
2305,255,33,Consultation,15,3
2306,1342,34,MRI,60,3
2307,140,92,CT Scan,60,1
2308,646,32,Blood Test,30,1
2309,87,33,Consultation,60,2
2310,1325,77,Health Checkup,45,3
2311,1084,64,MRI,90,1
2312,407,60,Health Checkup,90,1
2313,1667,54,Physiotherapy,60,3
2314,1536,38,Blood Test,45,2
2315,1957,13,X-Ray,20,2
2316,588,7,Health Checkup,45,3
2317,546,32,MRI,20,2
2318,895,24,MRI,90,3
2319,1981,66,CT Scan,60,3
2320,1868,15,Health Checkup,15,1
2321,1458,34,X-Ray,45,3
2322,286,4,MRI,45,1
2323,1056,59,X-Ray,15,1
2324,842,8,X-Ray,90,3
2325,1351,4,CT Scan,15,3
2326,1933,11,MRI,30,3
2327,1438,97,Health Checkup,20,1
2328,172,57,Consultation,90,3
2329,1032,81,CT Scan,90,3
2330,63,10,Physiotherapy,30,2
2331,1096,18,X-Ray,15,2
2332,1940,46,MRI,60,2
2333,1992,65,ECG,45,1
2334,1105,23,Consultation,15,2
2335,1107,6,Physiotherapy,45,2
2336,970,86,Blood Test,20,1
2337,779,73,Blood Test,30,3
2338,826,12,Blood Test,20,3
2339,1825,64,CT Scan,20,3
2340,1374,55,X-Ray,45,3
2341,1541,51,Health Checkup,90,3
2342,103,35,Consultation,60,2
2343,470,92,Blood Test,30,1
2344,1619,75,Physiotherapy,15,2
2345,875,6,Health Checkup,60,3
2346,509,23,Health Checkup,30,3
2347,1831,89,MRI,30,3
2348,773,46,Blood Test,45,3
2349,1635,85,Physiotherapy,20,2
2350,1311,6,Physiotherapy,90,3
2351,580,79,Physiotherapy,45,3
2352,510,93,CT Scan,60,2
2353,53,35,Health Checkup,60,2
2354,311,9,Health Checkup,15,1
2355,1149,44,Blood Test,45,1
2356,328,46,MRI,90,2
2357,564,70,X-Ray,15,3
2358,1982,74,MRI,30,3
2359,820,69,MRI,60,1
2360,1803,56,X-Ray,30,2
2361,983,20,Health Checkup,60,3
2362,140,55,Consultation,60,1
2363,183,39,Blood Test,20,1
2364,1202,97,MRI,30,3
2365,1548,77,X-Ray,20,3
2366,835,14,MRI,20,2
2367,1474,53,Consultation,30,1
2368,510,6,CT Scan,30,3
2369,1047,13,Physiotherapy,30,3
2370,45,22,ECG,30,2
2371,1015,19,CT Scan,15,3
2372,200,55,ECG,90,1
2373,1788,25,CT Scan,30,1
2374,1614,73,Physiotherapy,45,1
2375,963,97,Health Checkup,90,1
2376,1582,67,X-Ray,90,2
2377,1218,69,Consultation,60,3
2378,1959,94,Consultation,45,2
2379,1707,71,X-Ray,15,2
2380,164,57,CT Scan,45,3
2381,1737,14,MRI,30,3
2382,379,51,Physiotherapy,30,3
2383,865,79,MRI,90,3
2384,811,90,Health Checkup,30,3
2385,781,73,CT Scan,90,1
2386,671,44,CT Scan,30,3
2387,101,15,Blood Test,60,1
2388,1480,77,X-Ray,15,3
2389,1600,62,ECG,20,3
2390,1903,49,Consultation,30,1
2391,145,61,Blood Test,45,3
2392,1492,8,MRI,60,3
2393,1542,99,Physiotherapy,20,2
2394,644,32,Physiotherapy,90,3
2395,258,13,CT Scan,30,2
2396,1228,8,Physiotherapy,45,1
2397,101,4,CT Scan,20,2
2398,1087,75,CT Scan,20,1
2399,601,49,Physiotherapy,90,2
2400,1609,95,Physiotherapy,45,2
2401,841,7,ECG,45,2
2402,332,2,CT Scan,30,2
2403,1772,47,Health Checkup,45,2
2404,1101,4,Health Checkup,30,2
2405,1976,29,MRI,60,3
2406,60,55,X-Ray,20,2
2407,529,52,Physiotherapy,20,3
2408,378,99,Physiotherapy,30,3
2409,593,7,Blood Test,45,3
2410,685,78,ECG,20,1
2411,19,89,Physiotherapy,20,1
2412,243,23,X-Ray,30,1
2413,1973,98,Health Checkup,45,2
2414,1422,85,Health Checkup,30,2
2415,276,98,ECG,60,1
2416,800,4,Blood Test,15,1
2417,576,91,Blood Test,15,2
2418,1866,65,CT Scan,60,3
2419,1310,50,Consultation,15,3
2420,31,14,Health Checkup,60,3
2421,812,62,Health Checkup,60,1
2422,402,11,X-Ray,60,3
2423,1808,46,Health Checkup,15,2
2424,914,18,Physiotherapy,30,1
2425,1308,55,Blood Test,20,3
2426,228,22,Consultation,20,3
2427,515,30,Health Checkup,30,1
2428,881,45,Physiotherapy,60,1
2429,945,71,ECG,90,1
2430,755,34,X-Ray,30,1
2431,253,86,MRI,60,2
2432,1800,33,ECG,30,1
2433,65,87,Physiotherapy,30,2
2434,1337,48,CT Scan,90,2
2435,694,95,X-Ray,20,1
2436,229,18,MRI,20,3
2437,917,37,Health Checkup,90,3
2438,1503,11,Health Checkup,45,2
2439,1565,27,MRI,90,2
2440,1322,83,X-Ray,45,1
2441,63,25,Physiotherapy,90,1
2442,1679,10,Health Checkup,30,3
2443,26,84,Consultation,15,3
2444,1606,50,MRI,15,2
2445,674,92,MRI,15,2
2446,1247,30,ECG,90,3
2447,1031,19,CT Scan,60,1
2448,678,30,CT Scan,15,1
2449,1757,90,Blood Test,60,1
2450,1465,51,Health Checkup,45,3
2451,587,66,Blood Test,45,2
2452,353,36,CT Scan,30,3
2453,1957,47,CT Scan,30,2
2454,110,69,MRI,60,2
2455,1410,9,Health Checkup,60,3
2456,446,58,Blood Test,15,3
2457,1406,84,ECG,20,3
2458,1221,16,X-Ray,60,2
2459,1967,65,CT Scan,60,3
2460,791,80,Physiotherapy,60,3
2461,1054,100,X-Ray,90,3
2462,125,40,ECG,45,3
2463,1440,18,Health Checkup,15,2
2464,1720,58,X-Ray,30,2
2465,477,5,Blood Test,90,3
2466,1107,96,Physiotherapy,90,2
2467,359,35,X-Ray,20,3
2468,1329,29,Health Checkup,20,3
2469,483,31,Blood Test,20,1
2470,1324,85,Health Checkup,15,2
2471,1885,21,MRI,20,3
2472,1776,66,Consultation,90,3
2473,1141,28,X-Ray,20,1
2474,92,15,Consultation,20,1
2475,360,1,Consultation,15,3
2476,1070,50,Health Checkup,45,2
2477,235,6,Consultation,60,3
2478,1223,86,Health Checkup,90,2
2479,250,2,Blood Test,30,1
2480,764,50,Blood Test,30,1
2481,1879,93,MRI,60,2
2482,1902,41,MRI,90,1
2483,1208,66,Consultation,45,2
2484,863,97,X-Ray,20,2
2485,634,53,ECG,90,1
2486,72,1,MRI,90,1
2487,937,97,Physiotherapy,20,1
2488,758,36,ECG,90,3
2489,777,57,Blood Test,30,1
2490,1850,89,Consultation,45,2
2491,1992,86,Physiotherapy,45,2
2492,189,10,Consultation,90,2
2493,1877,48,CT Scan,15,3
2494,185,91,MRI,30,1
2495,1655,58,ECG,15,2
2496,1258,76,CT Scan,60,2
2497,86,67,Consultation,30,3
2498,1557,25,Physiotherapy,45,3
2499,415,38,X-Ray,45,3
2500,1487,73,Physiotherapy,20,2
2501,1243,59,Consultation,60,1
2502,1106,56,Blood Test,45,3
2503,1397,85,Health Checkup,60,1
2504,746,4,ECG,60,2
2505,370,47,Health Checkup,15,3
2506,931,49,Consultation,90,3
2507,485,17,Consultation,15,1
2508,884,90,ECG,45,3
2509,1070,74,X-Ray,45,1
2510,620,11,Consultation,60,2
2511,1914,18,Blood Test,45,2
2512,688,66,ECG,15,2
2513,997,59,CT Scan,90,1
2514,1375,96,X-Ray,45,2
2515,789,78,X-Ray,15,1
2516,1110,87,X-Ray,30,1
2517,1247,92,Physiotherapy,20,2
2518,546,23,X-Ray,20,3
2519,1932,62,ECG,60,3
2520,153,58,Consultation,90,2
2521,1477,94,ECG,30,1
2522,216,71,ECG,90,2
2523,764,63,Consultation,30,2
2524,1597,65,X-Ray,15,3
2525,290,17,ECG,45,1
2526,1455,74,Consultation,90,1
2527,130,81,Physiotherapy,20,3
2528,1841,44,Physiotherapy,30,1
2529,941,22,MRI,20,2
2530,1736,61,X-Ray,60,1
2531,1884,72,ECG,90,2
2532,11,8,Blood Test,45,3
2533,1336,67,X-Ray,20,3
2534,537,92,Health Checkup,20,1
2535,280,54,Blood Test,45,3
2536,1893,99,ECG,15,2
2537,135,8,ECG,60,3
2538,1430,97,Consultation,15,1
2539,1177,48,Consultation,60,1
2540,1729,60,Blood Test,90,1
2541,646,24,Physiotherapy,15,3
2542,1803,6,ECG,20,2
2543,110,73,X-Ray,20,1
2544,68,60,Blood Test,45,3
2545,643,88,Consultation,15,2
2546,526,90,Blood Test,60,3
2547,1609,40,ECG,90,2
2548,465,83,X-Ray,60,3
2549,960,53,MRI,45,2
2550,270,77,CT Scan,30,2
2551,1569,15,Physiotherapy,90,1
2552,1965,80,X-Ray,45,1
2553,1649,40,Blood Test,20,3
2554,1585,10,Consultation,30,2
2555,93,20,ECG,60,3
2556,1251,52,MRI,90,1
2557,141,60,CT Scan,20,3
2558,738,57,CT Scan,60,1
2559,691,20,Physiotherapy,60,1
2560,831,35,Physiotherapy,15,3
2561,880,58,MRI,60,3
2562,449,92,CT Scan,30,3
2563,1031,25,CT Scan,20,2
2564,1639,30,Physiotherapy,90,2
2565,832,18,Consultation,30,2
2566,109,58,Health Checkup,30,3
2567,103,51,ECG,45,3
2568,688,46,Blood Test,30,2
2569,327,27,X-Ray,90,1
2570,1217,5,ECG,30,1
2571,88,64,CT Scan,90,1
2572,1365,77,Blood Test,20,1
2573,1948,11,Blood Test,45,3
2574,1928,50,Blood Test,60,3
2575,40,19,ECG,30,3
2576,1931,57,Physiotherapy,15,3
2577,1440,23,X-Ray,90,1
2578,832,92,ECG,20,2
2579,1675,35,Blood Test,90,1
2580,2,11,X-Ray,20,2
2581,1846,41,ECG,15,1
2582,324,54,Consultation,15,2
2583,228,44,MRI,90,1
2584,1857,45,CT Scan,45,3
2585,1824,80,ECG,15,2
2586,579,6,Health Checkup,15,2
2587,1443,25,X-Ray,45,3
2588,1128,7,ECG,90,3
2589,1209,87,ECG,90,1
2590,1871,30,Blood Test,15,1
2591,805,37,MRI,30,3
2592,25,27,Blood Test,15,2
2593,714,17,Consultation,20,2
2594,94,65,CT Scan,15,1
2595,1112,39,Blood Test,20,3
2596,690,79,X-Ray,60,2
2597,709,98,MRI,30,3
2598,1162,44,X-Ray,15,2
2599,795,10,Consultation,15,2
2600,1974,63,Consultation,90,1
2601,815,74,Physiotherapy,60,1
2602,151,70,Physiotherapy,90,2
2603,978,34,Consultation,90,1
2604,981,65,CT Scan,90,3
2605,257,92,MRI,90,1
2606,1168,37,CT Scan,60,3
2607,1973,48,MRI,15,1
2608,805,63,Health Checkup,45,1
2609,685,42,Consultation,20,1
2610,1297,45,Consultation,15,2
2611,436,49,ECG,30,1
2612,1841,51,X-Ray,30,1
2613,941,69,CT Scan,20,3
2614,126,81,X-Ray,90,3
2615,1439,100,X-Ray,20,1
2616,631,43,Blood Test,15,1
2617,1510,5,Consultation,90,2
2618,1719,87,Consultation,30,1
2619,12,82,Physiotherapy,60,2
2620,498,2,X-Ray,15,1
2621,787,51,Health Checkup,20,1
2622,1263,1,CT Scan,90,2
2623,1962,59,ECG,60,3
2624,1618,70,Health Checkup,30,3
2625,1763,24,Blood Test,20,3
2626,1510,76,Physiotherapy,30,1
2627,810,6,MRI,20,2
2628,1375,23,Consultation,90,1
2629,938,48,ECG,60,1
2630,160,33,Health Checkup,45,1
2631,1424,77,X-Ray,15,2
2632,235,12,ECG,20,1
2633,1462,97,Consultation,20,1
2634,884,90,X-Ray,15,3
2635,1629,78,X-Ray,15,2
2636,1858,68,Blood Test,60,3
2637,1864,63,Consultation,90,2
2638,1159,13,Physiotherapy,15,1
2639,1031,56,MRI,60,2
2640,681,71,Blood Test,90,3
2641,1804,41,Health Checkup,90,2
2642,343,91,Blood Test,45,3
2643,1059,6,Consultation,30,1
2644,981,69,MRI,15,3
2645,769,78,X-Ray,60,3
2646,983,23,CT Scan,30,2
2647,1775,7,Blood Test,60,1
2648,345,93,Health Checkup,20,1
2649,111,23,MRI,60,2
2650,1100,17,MRI,20,3
2651,1937,20,Consultation,30,1
2652,569,36,Health Checkup,30,3
2653,433,94,X-Ray,90,3
2654,1532,15,Blood Test,45,2
2655,1183,78,MRI,90,1
2656,1379,17,Consultation,20,1
2657,1299,27,Consultation,30,3
2658,1426,20,MRI,20,1
2659,1469,57,Health Checkup,30,1
2660,1425,14,MRI,30,3
2661,398,6,X-Ray,60,1
2662,856,43,Consultation,45,2
2663,811,26,Consultation,90,1
2664,706,92,MRI,45,2
2665,942,46,Physiotherapy,60,1
2666,1252,69,MRI,20,1
2667,1401,3,X-Ray,60,1
2668,852,88,Blood Test,45,2
2669,775,78,Consultation,20,3
2670,1535,68,MRI,15,1
2671,540,32,CT Scan,15,3
2672,793,51,X-Ray,20,3
2673,167,26,Blood Test,45,2
2674,29,65,Consultation,30,2
2675,1142,48,Physiotherapy,45,2
2676,1954,97,Consultation,45,1
2677,1435,51,X-Ray,15,3
2678,1049,51,ECG,30,1
2679,621,75,CT Scan,30,2
2680,1344,5,Health Checkup,45,2
2681,403,88,CT Scan,60,1
2682,1469,29,Physiotherapy,30,1
2683,620,83,Physiotherapy,20,2
2684,389,17,X-Ray,45,1
2685,889,16,Blood Test,30,1
2686,524,28,Physiotherapy,90,1
2687,1884,95,ECG,90,3
2688,1425,42,CT Scan,90,1
2689,208,87,Consultation,60,3
2690,1010,77,Blood Test,90,3
2691,1906,53,X-Ray,90,1
2692,1484,40,Blood Test,90,3
2693,1170,88,Physiotherapy,30,1
2694,412,72,ECG,20,1
2695,1475,37,Health Checkup,20,2
2696,1366,8,ECG,60,1
2697,461,32,CT Scan,20,1
2698,1657,89,MRI,15,1
2699,1447,47,Health Checkup,45,1
2700,766,93,CT Scan,30,2
2701,1595,94,Physiotherapy,90,3
2702,1383,35,Health Checkup,30,2
2703,823,76,CT Scan,90,3
2704,688,26,ECG,20,2
2705,760,73,Health Checkup,30,2
2706,792,94,Physiotherapy,15,2
2707,428,36,X-Ray,15,1
2708,703,37,ECG,15,3
2709,1429,2,ECG,60,2
2710,1041,12,ECG,20,2
2711,1221,19,ECG,30,3
2712,781,51,CT Scan,45,1
2713,232,31,Consultation,45,2
2714,280,31,ECG,90,3
2715,244,35,X-Ray,45,1
2716,1912,37,Consultation,90,2
2717,1333,70,MRI,20,1
2718,1928,54,Blood Test,30,2
2719,1815,40,MRI,90,1
2720,928,73,Physiotherapy,20,3
2721,1578,59,MRI,15,3
2722,1851,3,Consultation,60,3
2723,1406,94,Blood Test,45,3
2724,1684,46,X-Ray,20,1
2725,163,48,Health Checkup,15,3
2726,576,41,X-Ray,20,2
2727,1671,85,CT Scan,90,1
2728,887,65,Health Checkup,30,2
2729,1729,88,Health Checkup,15,1
2730,1019,25,X-Ray,90,3
2731,52,89,Physiotherapy,30,3
2732,1681,19,MRI,45,2
2733,928,17,Physiotherapy,45,3
2734,664,53,MRI,20,2
2735,7,15,CT Scan,15,3
2736,1695,6,ECG,20,2
2737,1910,69,Blood Test,15,2
2738,667,84,Consultation,15,1
2739,1886,20,Health Checkup,90,1
2740,1494,17,Blood Test,30,1
2741,655,60,MRI,15,2
2742,55,78,CT Scan,20,3
2743,1418,16,MRI,45,3
2744,1651,81,Blood Test,45,1
2745,1861,5,MRI,15,1
2746,775,80,ECG,30,3
2747,316,67,Physiotherapy,20,3
2748,55,77,X-Ray,60,3
2749,1293,63,MRI,30,1
2750,1473,48,ECG,90,3
2751,437,31,X-Ray,20,1
2752,1311,89,Health Checkup,20,3
2753,1262,25,X-Ray,15,2
2754,745,61,MRI,30,1
2755,265,30,Physiotherapy,45,1
2756,1039,45,Consultation,45,2
2757,188,7,Health Checkup,15,3
2758,384,50,Health Checkup,15,3
2759,1653,21,MRI,45,1
2760,203,2,Health Checkup,15,1
2761,812,13,ECG,90,3
2762,456,72,X-Ray,90,1
2763,1974,64,Physiotherapy,90,2
2764,1094,34,Physiotherapy,45,1
2765,665,57,CT Scan,20,1
2766,430,28,X-Ray,20,1
2767,1884,92,Consultation,90,1
2768,1545,78,CT Scan,30,1
2769,709,72,X-Ray,90,3
2770,1404,81,X-Ray,20,3
2771,1963,46,Physiotherapy,15,2
2772,375,80,ECG,20,2
2773,1344,7,Physiotherapy,20,3
2774,1619,93,Health Checkup,20,1
2775,1752,83,Blood Test,60,1
2776,557,51,Health Checkup,30,1
2777,1696,31,Consultation,45,3
2778,646,30,CT Scan,15,3
2779,1151,42,X-Ray,15,3
2780,147,29,Physiotherapy,20,2
2781,1354,8,CT Scan,90,2
2782,470,74,Health Checkup,90,2
2783,791,9,ECG,90,2
2784,1620,61,Consultation,30,2
2785,515,73,Blood Test,20,3
2786,1352,9,ECG,15,2
2787,1476,35,Blood Test,15,3
2788,1570,87,ECG,30,2
2789,557,3,Blood Test,60,3
2790,770,76,MRI,60,2
2791,924,71,Health Checkup,30,1
2792,124,62,Consultation,20,1
2793,520,22,Physiotherapy,20,3
2794,31,10,Health Checkup,15,1
2795,1493,85,Blood Test,20,2
2796,151,26,MRI,90,2
2797,1856,80,Physiotherapy,45,3
2798,1161,83,Health Checkup,45,1
2799,1160,67,Health Checkup,20,1
2800,338,55,Health Checkup,45,1
2801,164,78,X-Ray,20,2
2802,1336,50,Consultation,45,2
2803,1425,74,Health Checkup,90,3
2804,861,46,MRI,90,1
2805,1927,81,CT Scan,20,1
2806,1235,12,Physiotherapy,30,2
2807,386,4,ECG,20,1
2808,256,19,Consultation,20,1
2809,1201,9,ECG,15,2
2810,996,49,CT Scan,30,3
2811,1311,59,CT Scan,45,1
2812,1457,7,Consultation,20,2
2813,1983,72,Health Checkup,45,2
2814,634,70,Physiotherapy,45,2
2815,610,74,Health Checkup,60,2
2816,1892,40,Blood Test,45,1
2817,790,45,Physiotherapy,90,1
2818,527,43,Consultation,15,2
2819,501,46,ECG,90,1
2820,964,26,Consultation,60,3
2821,791,35,Physiotherapy,60,1
2822,1972,60,Health Checkup,15,1
2823,1808,82,ECG,20,3
2824,1426,49,MRI,30,1
2825,102,89,ECG,60,2
2826,1473,2,X-Ray,30,2
2827,226,21,X-Ray,45,2
2828,1382,27,Physiotherapy,30,1
2829,161,41,CT Scan,60,3
2830,1741,72,ECG,60,2
2831,715,37,Physiotherapy,90,2
2832,508,39,ECG,30,2
2833,1527,29,CT Scan,90,2
2834,1609,10,CT Scan,60,1
2835,811,73,MRI,60,1
2836,1708,91,CT Scan,30,3
2837,924,37,MRI,60,2
2838,1797,53,CT Scan,15,3
2839,1555,87,X-Ray,20,1
2840,98,76,ECG,60,2
2841,263,78,Health Checkup,90,1
2842,1179,86,CT Scan,15,1
2843,323,14,Consultation,60,2
2844,265,8,X-Ray,15,2
2845,1560,6,Health Checkup,30,2
2846,1842,67,ECG,20,2
2847,1291,91,Physiotherapy,30,2
2848,968,75,X-Ray,20,1
2849,501,2,Consultation,30,2
2850,1161,56,CT Scan,45,1
2851,304,93,MRI,60,1
2852,1686,4,X-Ray,90,2
2853,219,18,Blood Test,20,3
2854,1770,60,ECG,45,2
2855,1083,91,Physiotherapy,20,2
2856,1193,44,Health Checkup,15,3
2857,1925,56,Blood Test,60,3
2858,448,9,CT Scan,90,2
2859,1132,39,MRI,30,3
2860,671,51,Physiotherapy,20,1
2861,149,29,ECG,15,1
2862,608,24,MRI,45,1
2863,1911,86,X-Ray,15,1
2864,400,40,Health Checkup,30,1
2865,543,53,MRI,90,1
2866,39,39,MRI,90,2
2867,1463,75,Physiotherapy,60,3
2868,1420,87,Physiotherapy,60,1
2869,67,71,ECG,90,3
2870,1838,19,CT Scan,45,3
2871,1965,7,X-Ray,90,1
2872,1325,85,Health Checkup,45,2
2873,132,60,CT Scan,20,1
2874,619,27,ECG,15,1
2875,468,69,ECG,15,1
2876,332,72,CT Scan,45,2
2877,693,24,Health Checkup,30,3
2878,1787,97,X-Ray,20,1
2879,274,67,X-Ray,60,1
2880,20,18,Consultation,20,2
2881,822,74,Blood Test,20,1
2882,1798,2,MRI,15,1
2883,405,33,Physiotherapy,45,2
2884,139,94,Blood Test,90,2
2885,1605,59,ECG,15,2
2886,1753,55,X-Ray,45,3
2887,1250,45,ECG,20,3
2888,117,23,CT Scan,90,2
2889,432,8,Blood Test,20,1
2890,1505,75,CT Scan,45,1
2891,482,4,MRI,30,3
2892,1880,17,Consultation,20,3
2893,607,59,Blood Test,60,3
2894,1633,99,Consultation,15,2
2895,1470,21,X-Ray,90,1
2896,600,7,ECG,15,2
2897,1668,93,Physiotherapy,30,3
2898,1809,70,Health Checkup,90,1
2899,1704,61,Health Checkup,30,2
2900,848,14,X-Ray,30,1
2901,792,47,MRI,60,2
2902,316,87,Health Checkup,90,1
2903,696,65,Blood Test,20,1
2904,649,77,Consultation,60,3
2905,703,50,Physiotherapy,60,2
2906,1460,33,X-Ray,20,2
2907,511,81,MRI,45,3
2908,1576,10,X-Ray,15,1
2909,174,12,Consultation,15,3
2910,938,66,Consultation,20,3
2911,710,89,Physiotherapy,90,3
2912,103,86,Blood Test,45,1
2913,1768,63,CT Scan,90,1
2914,1635,81,MRI,60,1
2915,722,14,CT Scan,90,2
2916,365,77,ECG,90,1
2917,1012,14,X-Ray,20,1
2918,1855,64,Physiotherapy,90,2
2919,512,29,Health Checkup,20,1
2920,44,47,CT Scan,20,1
2921,232,49,X-Ray,45,3
2922,657,88,CT Scan,60,3
2923,784,25,MRI,90,3
2924,4,89,MRI,20,2
2925,603,39,Health Checkup,15,2
2926,1029,67,Health Checkup,60,3
2927,1189,43,Consultation,30,2
2928,43,22,Consultation,30,3
2929,1400,49,ECG,15,3
2930,1569,41,MRI,90,2
2931,1018,33,X-Ray,45,2
2932,1300,85,MRI,20,3
2933,1518,41,Physiotherapy,20,2
2934,379,58,Health Checkup,45,2
2935,1628,22,X-Ray,30,3
2936,315,3,Physiotherapy,15,2
2937,716,70,Blood Test,20,3
2938,275,4,ECG,60,3
2939,1900,21,X-Ray,60,2
2940,240,10,ECG,45,1
2941,87,20,ECG,30,3
2942,1436,75,Physiotherapy,20,2
2943,501,60,X-Ray,90,2
2944,353,80,CT Scan,90,1
2945,88,56,Physiotherapy,15,2
2946,1359,34,Consultation,90,3
2947,1129,44,Blood Test,20,1
2948,1483,14,MRI,90,3
2949,1558,6,Consultation,30,3
2950,1095,29,X-Ray,15,3
2951,172,23,X-Ray,15,1
2952,1602,10,ECG,90,2
2953,1048,85,Blood Test,90,2
2954,1103,20,Physiotherapy,60,2
2955,1098,64,Physiotherapy,30,1
2956,213,98,Blood Test,60,2
2957,537,72,Consultation,45,2
2958,626,97,X-Ray,90,1
2959,88,50,X-Ray,60,3
2960,1876,64,Health Checkup,90,3
2961,984,32,ECG,60,2
2962,1590,95,Physiotherapy,90,2
2963,578,52,CT Scan,90,1
2964,1221,56,X-Ray,20,2
2965,1349,24,Blood Test,60,1
2966,1465,56,X-Ray,20,1
2967,396,24,Consultation,30,3
2968,131,6,CT Scan,20,3
2969,519,69,MRI,15,2
2970,1501,63,Blood Test,15,2
2971,1767,79,Health Checkup,20,2
2972,1205,79,CT Scan,60,3
2973,1079,13,X-Ray,60,3
2974,408,15,Consultation,15,1
2975,1793,56,Physiotherapy,45,1
2976,1511,89,X-Ray,90,1
2977,128,1,ECG,20,3
2978,331,70,ECG,20,3
2979,812,25,Blood Test,15,2
2980,1294,6,ECG,20,2
2981,501,68,MRI,60,3
2982,4,46,X-Ray,45,3
2983,351,85,Consultation,15,2
2984,816,69,Physiotherapy,20,2
2985,1549,56,MRI,20,1
2986,1729,72,MRI,60,3
2987,1829,50,MRI,20,2
2988,835,96,Blood Test,60,2
2989,1301,15,Physiotherapy,20,2
2990,932,14,MRI,45,3
2991,625,100,Blood Test,15,1
2992,389,20,X-Ray,20,1
2993,1469,78,X-Ray,15,3
2994,1108,66,MRI,30,1
2995,945,95,Blood Test,60,2
2996,667,91,Consultation,45,2
2997,1010,50,Blood Test,90,1
2998,866,97,ECG,60,1
2999,13,82,Blood Test,90,2
3000,507,99,Blood Test,60,1
3001,957,78,Health Checkup,45,1
3002,944,65,Blood Test,30,3
3003,859,75,MRI,60,3
3004,613,45,Health Checkup,20,3
3005,1384,3,X-Ray,90,2
3006,772,48,Physiotherapy,60,2
3007,1565,22,ECG,60,1
3008,284,42,Health Checkup,20,2
3009,1264,65,X-Ray,30,2
3010,458,78,CT Scan,90,2
3011,1287,82,Consultation,45,3
3012,611,18,Consultation,45,2
3013,1285,61,X-Ray,60,2
3014,867,76,CT Scan,15,2
3015,1176,80,Physiotherapy,45,1
3016,1152,1,Health Checkup,30,3
3017,1393,64,CT Scan,60,2
3018,1405,80,CT Scan,45,2
3019,155,66,MRI,60,3
3020,1735,39,Blood Test,45,2
3021,497,37,Health Checkup,60,3
3022,704,27,Physiotherapy,90,3
3023,1099,69,Blood Test,45,2
3024,1591,75,Consultation,30,2
3025,648,2,X-Ray,90,3
3026,1055,51,Consultation,30,1
3027,243,5,X-Ray,45,1
3028,1969,59,Consultation,45,2
3029,594,71,Consultation,15,3
3030,367,35,CT Scan,30,3
3031,214,99,MRI,15,3
3032,1797,70,MRI,90,1
3033,676,62,CT Scan,90,3
3034,1129,31,Health Checkup,30,3
3035,218,71,ECG,45,1
3036,30,20,Health Checkup,30,1
3037,97,1,MRI,15,3
3038,707,93,Physiotherapy,90,2
3039,209,76,ECG,90,1
3040,36,46,Physiotherapy,30,1
3041,1143,34,MRI,45,3
3042,1362,38,Physiotherapy,45,3
3043,107,65,Health Checkup,90,1
3044,1339,16,Health Checkup,20,2
3045,1799,83,Consultation,15,1
3046,1293,97,MRI,45,2
3047,1820,89,Blood Test,15,1
3048,556,38,CT Scan,30,1
3049,1232,77,Consultation,45,2
3050,562,86,ECG,45,3
3051,1849,52,ECG,20,2
3052,1926,5,Physiotherapy,20,1
3053,240,42,ECG,60,3
3054,894,62,X-Ray,30,2
3055,1574,23,X-Ray,20,1
3056,1248,2,ECG,20,1
3057,1909,82,CT Scan,45,1
3058,530,64,CT Scan,45,2
3059,622,70,CT Scan,90,2
3060,763,77,MRI,60,2
3061,669,22,Blood Test,20,3
3062,462,41,Consultation,45,1
3063,1986,18,CT Scan,30,3
3064,713,28,Blood Test,20,3
3065,1698,77,Consultation,15,3
3066,511,51,X-Ray,90,1
3067,1939,12,Blood Test,90,2
3068,486,100,X-Ray,90,2
3069,1014,21,Physiotherapy,30,3
3070,1316,70,MRI,60,2
3071,1139,42,ECG,60,2
3072,351,24,CT Scan,20,3
3073,1724,45,X-Ray,90,2
3074,208,52,Blood Test,60,2
3075,1002,48,Blood Test,45,1
3076,113,44,Consultation,60,3
3077,97,47,CT Scan,60,1
3078,530,58,Health Checkup,30,2
3079,966,30,ECG,90,1
3080,731,99,X-Ray,30,2
3081,1790,68,CT Scan,15,2
3082,244,46,CT Scan,90,3
3083,941,26,CT Scan,30,3
3084,417,5,ECG,20,2
3085,1046,69,Consultation,20,1
3086,256,68,MRI,45,1
3087,1790,9,MRI,20,3
3088,1068,77,X-Ray,45,1
3089,1051,61,X-Ray,60,1
3090,723,23,Health Checkup,60,2
3091,403,2,CT Scan,60,2
3092,377,41,Blood Test,30,1
3093,251,57,CT Scan,45,2
3094,1704,85,MRI,30,3
3095,464,62,Consultation,15,3
3096,1157,14,ECG,45,3
3097,980,25,CT Scan,30,2
3098,1017,12,Health Checkup,45,3
3099,776,21,Physiotherapy,60,1
3100,636,29,MRI,45,1
3101,1204,78,CT Scan,45,3
3102,1626,56,CT Scan,30,1
3103,1249,76,Consultation,90,1
3104,230,7,ECG,45,1
3105,1183,3,MRI,90,3
3106,698,21,Blood Test,90,1
3107,1107,77,Physiotherapy,90,3
3108,595,37,X-Ray,90,2
3109,799,36,CT Scan,60,3
3110,1260,93,Health Checkup,60,2
3111,898,22,ECG,45,2
3112,1301,91,ECG,60,1
3113,1937,67,Blood Test,60,1
3114,367,19,Blood Test,45,3
3115,1196,60,Blood Test,20,2
3116,1084,70,MRI,90,3
3117,1859,58,Blood Test,45,1
3118,1897,43,CT Scan,30,2
3119,1661,13,CT Scan,20,2
3120,1017,98,X-Ray,60,2
3121,1072,14,Blood Test,20,3
3122,446,82,Consultation,20,3
3123,1030,44,Physiotherapy,60,1
3124,1588,11,MRI,60,2
3125,1709,69,Blood Test,30,2
3126,1181,2,Consultation,90,3
3127,1345,93,X-Ray,15,2
3128,959,74,Consultation,30,2
3129,303,72,Physiotherapy,45,3
3130,426,29,ECG,15,3
3131,1698,85,ECG,90,3
3132,1103,97,Consultation,90,2
3133,1969,96,Consultation,90,2
3134,400,17,Physiotherapy,15,3
3135,1525,16,Blood Test,60,1
3136,1613,75,Blood Test,15,1
3137,1964,69,X-Ray,60,2
3138,630,18,ECG,30,1
3139,499,93,Physiotherapy,15,3
3140,121,89,ECG,60,1
3141,1753,65,Blood Test,15,2
3142,672,8,X-Ray,30,1
3143,1464,60,MRI,45,1
3144,1856,44,Health Checkup,20,2
3145,1552,52,X-Ray,45,1
3146,445,89,ECG,60,3
3147,1228,52,MRI,20,2
3148,496,80,Consultation,90,1
3149,1284,43,ECG,45,1
3150,752,82,CT Scan,45,3
3151,505,12,ECG,45,2
3152,491,75,Health Checkup,60,1
3153,732,45,Blood Test,15,2
3154,595,32,Physiotherapy,90,3
3155,88,85,X-Ray,60,1
3156,966,63,X-Ray,45,1
3157,1752,21,Physiotherapy,90,2
3158,840,1,ECG,20,2
3159,363,67,Blood Test,45,2
3160,526,9,Physiotherapy,15,1
3161,1830,14,Health Checkup,30,3
3162,1827,27,ECG,60,3
3163,1883,39,Physiotherapy,30,1
3164,1998,48,Blood Test,15,1
3165,1371,72,Consultation,20,2
3166,439,2,CT Scan,20,2
3167,860,27,Physiotherapy,20,3
3168,1787,14,CT Scan,90,2
3169,1386,35,Health Checkup,15,3
3170,1547,75,MRI,60,2
3171,1627,28,Consultation,60,2
3172,1178,6,Physiotherapy,45,2
3173,533,89,Consultation,60,1
3174,355,65,CT Scan,60,3
3175,931,98,CT Scan,30,2
3176,230,91,MRI,30,3
3177,1534,59,X-Ray,45,1
3178,929,35,MRI,15,3
3179,1983,55,Blood Test,15,2
3180,1719,35,Consultation,20,2
3181,1940,27,Blood Test,60,2
3182,421,71,Health Checkup,45,3
3183,1531,46,MRI,90,1
3184,440,52,CT Scan,45,2
3185,29,33,Blood Test,20,3
3186,18,78,Consultation,60,1
3187,1930,45,MRI,60,3
3188,1789,54,Consultation,20,3
3189,262,51,X-Ray,30,2
3190,1613,22,Consultation,30,1
3191,1342,22,MRI,15,3
3192,72,93,ECG,45,2
3193,275,1,CT Scan,30,1
3194,41,8,Health Checkup,90,3
3195,1718,91,CT Scan,15,3
3196,441,21,CT Scan,30,1
3197,1721,71,Blood Test,15,3
3198,989,92,CT Scan,15,3
3199,1892,19,X-Ray,30,3
3200,1950,60,Consultation,60,3
3201,1507,72,Health Checkup,20,3
3202,799,33,Physiotherapy,20,1
3203,364,48,Blood Test,45,2
3204,1625,19,X-Ray,30,1
3205,543,89,MRI,20,2
3206,205,14,Consultation,15,1
3207,626,49,Physiotherapy,15,3
3208,782,28,Consultation,45,1
3209,306,70,Physiotherapy,45,3
3210,1337,22,Consultation,20,1
3211,66,77,ECG,20,2
3212,1830,54,X-Ray,15,3
3213,739,26,Physiotherapy,60,3
3214,64,2,ECG,45,2
3215,1239,41,Consultation,15,1
3216,1014,32,X-Ray,30,3
3217,1978,2,Consultation,45,1
3218,1261,60,Blood Test,20,1
3219,1341,58,X-Ray,20,1
3220,224,27,Physiotherapy,60,1
3221,1523,66,Health Checkup,15,3
3222,799,64,X-Ray,20,1
3223,52,33,ECG,90,2
3224,1523,53,Blood Test,45,1
3225,1167,22,Blood Test,45,1
3226,932,33,CT Scan,20,2
3227,111,19,MRI,30,2
3228,1755,17,X-Ray,30,1
3229,191,83,Physiotherapy,15,1
3230,702,24,MRI,60,2
3231,1547,11,X-Ray,90,3
3232,1496,3,CT Scan,30,3
3233,1687,58,Health Checkup,20,2
3234,1264,3,MRI,90,1
3235,862,83,ECG,30,1
3236,461,17,Health Checkup,45,1
3237,1335,60,CT Scan,90,3
3238,50,87,X-Ray,30,2
3239,1695,89,ECG,60,3
3240,719,15,Physiotherapy,15,1
3241,217,14,Blood Test,30,3
3242,1191,12,X-Ray,45,3
3243,1804,52,CT Scan,90,3
3244,1644,69,Physiotherapy,30,2
3245,1139,55,Physiotherapy,20,1
3246,950,49,Consultation,15,3
3247,1077,35,CT Scan,45,2
3248,49,66,MRI,45,3
3249,1142,12,Blood Test,60,1
3250,1005,38,X-Ray,15,2
3251,616,6,Consultation,45,3
3252,1510,93,MRI,45,3
3253,1971,94,X-Ray,20,2
3254,472,36,CT Scan,60,2
3255,554,58,Consultation,60,1
3256,241,29,Physiotherapy,30,2
3257,885,24,X-Ray,90,1
3258,345,9,X-Ray,20,3
3259,1489,63,X-Ray,15,2
3260,1849,43,Consultation,20,1
3261,5,8,Consultation,15,3
3262,1063,49,MRI,30,3
3263,1463,52,Health Checkup,20,3
3264,228,79,Consultation,15,3
3265,1068,74,Blood Test,15,2
3266,244,52,Consultation,15,3
3267,1956,12,Physiotherapy,60,3
3268,1286,20,MRI,20,3
3269,1013,26,Health Checkup,90,3
3270,1379,69,Health Checkup,90,3
3271,1266,6,Physiotherapy,15,3
3272,1629,94,ECG,30,3
3273,1726,11,Physiotherapy,45,2
3274,796,32,Consultation,15,1
3275,1887,77,CT Scan,90,1
3276,511,56,Blood Test,15,3
3277,1711,32,Health Checkup,15,1
3278,1072,11,ECG,15,3
3279,1238,72,ECG,90,2
3280,676,65,X-Ray,60,2
3281,308,3,MRI,90,2
3282,1649,86,Consultation,15,2
3283,417,42,MRI,30,2
3284,842,4,Health Checkup,30,2
3285,1933,74,CT Scan,30,3
3286,1824,91,CT Scan,45,2
3287,905,19,Consultation,15,1
3288,1128,18,CT Scan,90,3
3289,33,18,Blood Test,90,3
3290,312,18,MRI,60,2
3291,1222,99,CT Scan,15,1
3292,1969,51,X-Ray,15,3
3293,710,65,Blood Test,45,2
3294,1411,42,X-Ray,45,1
3295,1618,46,MRI,45,2
3296,328,29,ECG,45,1
3297,18,38,Blood Test,20,3
3298,194,99,X-Ray,60,3
3299,680,14,Blood Test,90,2
3300,1922,9,X-Ray,90,2
3301,709,73,Consultation,30,3
3302,1775,51,Blood Test,15,1
3303,952,78,X-Ray,20,1
3304,542,55,Physiotherapy,15,1
3305,175,17,MRI,60,1
3306,939,12,Consultation,15,3
3307,1801,96,X-Ray,20,1
3308,1163,95,Physiotherapy,15,2
3309,184,17,Consultation,90,2
3310,1939,69,ECG,15,2
3311,1507,55,Physiotherapy,30,1
3312,1958,99,CT Scan,30,2
3313,1486,6,CT Scan,90,1
3314,1831,19,Health Checkup,45,1
3315,1746,82,CT Scan,45,1
3316,220,80,Blood Test,30,1
3317,15,47,Health Checkup,90,3
3318,1636,81,MRI,90,2
3319,1008,20,CT Scan,20,2
3320,1144,54,Blood Test,45,2
3321,1096,22,X-Ray,30,1
3322,1535,87,X-Ray,45,3
3323,1952,24,Physiotherapy,45,1
3324,1044,51,Physiotherapy,90,2
3325,1915,45,Physiotherapy,20,1
3326,566,10,Health Checkup,45,3
3327,906,66,CT Scan,60,2
3328,970,60,Blood Test,90,1
3329,1185,8,MRI,30,1
3330,75,53,Blood Test,60,2
3331,1026,73,Health Checkup,30,1
3332,258,31,ECG,30,1
3333,630,7,CT Scan,90,2
3334,1800,95,Physiotherapy,60,1
3335,1941,15,X-Ray,15,2
3336,1620,82,Physiotherapy,30,3
3337,1512,97,ECG,20,2
3338,526,74,X-Ray,15,2
3339,1352,89,CT Scan,30,3
3340,1677,12,Blood Test,15,3
3341,1455,79,Health Checkup,20,3
3342,1128,11,X-Ray,45,1
3343,6,86,Physiotherapy,20,2
3344,462,44,CT Scan,60,3
3345,1652,23,Blood Test,60,3
3346,568,76,Physiotherapy,60,1
3347,830,52,CT Scan,15,2
3348,1735,13,Blood Test,15,1
3349,187,21,ECG,30,1
3350,1345,96,CT Scan,15,3
3351,382,32,Consultation,15,3
3352,823,7,CT Scan,60,3
3353,1948,68,Physiotherapy,15,1
3354,1018,19,Blood Test,90,3
3355,1315,65,Physiotherapy,15,1
3356,415,21,Consultation,90,1
3357,216,77,Health Checkup,60,3
3358,1276,78,Consultation,15,1
3359,1654,36,Consultation,15,1
3360,610,61,Blood Test,20,1
3361,1537,89,Health Checkup,90,1
3362,1208,60,Physiotherapy,15,3
3363,215,81,Physiotherapy,20,2
3364,1401,92,Consultation,90,3
3365,530,13,CT Scan,90,2
3366,1683,68,ECG,30,1
3367,1288,16,Blood Test,20,2
3368,698,29,ECG,60,1
3369,1447,16,Consultation,45,1
3370,1144,68,Health Checkup,60,3
3371,8,61,X-Ray,45,3
3372,1558,8,MRI,45,1
3373,1937,54,Blood Test,45,1
3374,1132,89,Blood Test,60,2
3375,1999,20,X-Ray,20,3
3376,1221,98,Physiotherapy,30,2
3377,1005,100,Blood Test,60,1
3378,994,44,MRI,15,2
3379,1799,54,Blood Test,15,1
3380,1635,37,Consultation,90,3
3381,1468,71,ECG,30,2
3382,1776,65,Consultation,15,1
3383,1334,33,CT Scan,20,1
3384,437,51,X-Ray,20,1
3385,801,75,Consultation,45,3
3386,1370,98,Physiotherapy,60,2
3387,1735,59,CT Scan,45,3
3388,967,3,Physiotherapy,45,3
3389,1399,46,Blood Test,45,3
3390,1414,16,MRI,60,2
3391,1428,96,X-Ray,15,2
3392,113,95,Blood Test,45,2
3393,1687,19,Physiotherapy,15,1
3394,984,2,MRI,20,2
3395,96,84,CT Scan,20,2
3396,1738,28,Blood Test,60,3
3397,1773,29,X-Ray,30,3
3398,1752,38,Blood Test,20,1
3399,21,39,Blood Test,90,2
3400,1231,10,Consultation,30,1
3401,96,19,Blood Test,30,1
3402,773,61,ECG,90,3
3403,795,90,CT Scan,45,3
3404,1627,32,MRI,90,3
3405,1767,43,MRI,30,3
3406,186,12,Consultation,30,1
3407,1680,16,CT Scan,45,2
3408,532,99,X-Ray,45,3
3409,1680,75,Physiotherapy,15,2
3410,968,32,ECG,30,3
3411,1567,15,X-Ray,60,1
3412,1856,58,Health Checkup,30,1
3413,275,30,ECG,60,2
3414,1038,13,ECG,30,2
3415,317,49,Consultation,90,3
3416,946,21,MRI,90,2
3417,39,20,CT Scan,30,2
3418,1554,95,ECG,30,2
3419,1584,60,Health Checkup,20,1
3420,734,9,Health Checkup,15,1
3421,944,27,Consultation,60,2
3422,251,47,Physiotherapy,30,3
3423,985,69,MRI,45,3
3424,1481,8,MRI,15,2
3425,652,40,MRI,60,1
3426,1590,24,Health Checkup,30,1
3427,1722,39,ECG,90,2
3428,1376,24,Physiotherapy,15,1
3429,1153,23,ECG,30,2
3430,1404,68,Physiotherapy,20,2
3431,381,72,CT Scan,15,2
3432,854,55,CT Scan,20,1
3433,913,84,Physiotherapy,90,1
3434,295,62,Blood Test,90,1
3435,1932,44,MRI,90,3
3436,1981,52,Health Checkup,45,3
3437,284,46,X-Ray,20,3
3438,884,93,Health Checkup,60,1
3439,833,86,Consultation,30,3
3440,1882,67,Physiotherapy,60,3
3441,479,23,Consultation,90,2
3442,1598,48,MRI,30,1
3443,711,4,X-Ray,45,1
3444,1184,54,Blood Test,30,3
3445,1749,58,Physiotherapy,30,1
3446,644,25,ECG,45,2
3447,119,95,Health Checkup,60,3
3448,1806,60,Health Checkup,90,2
3449,706,33,X-Ray,45,1
3450,1202,91,Consultation,20,3
3451,532,19,X-Ray,45,1
3452,1762,52,X-Ray,45,3
3453,423,24,Consultation,90,1
3454,360,83,X-Ray,45,1
3455,218,98,Blood Test,45,2
3456,1334,63,Physiotherapy,60,1
3457,1984,63,Blood Test,45,1
3458,118,100,CT Scan,20,3
3459,1809,70,ECG,15,2
3460,550,71,Physiotherapy,60,3
3461,477,5,ECG,20,1
3462,1712,55,Consultation,20,3
3463,1755,23,X-Ray,15,1
3464,1530,53,Consultation,15,2
3465,378,87,Physiotherapy,30,2
3466,1698,10,Consultation,45,3
3467,52,10,Health Checkup,45,1
3468,1888,28,Blood Test,45,1
3469,913,100,Consultation,30,3
3470,23,5,CT Scan,60,1
3471,428,24,Physiotherapy,45,1
3472,520,36,Physiotherapy,60,1
3473,1747,15,Health Checkup,20,3
3474,571,57,Physiotherapy,20,3
3475,11,70,MRI,60,1
3476,1519,51,ECG,30,1
3477,321,45,ECG,15,3
3478,1237,29,MRI,20,2
3479,1436,21,Health Checkup,20,3
3480,1764,12,X-Ray,60,1
3481,1684,50,MRI,30,3
3482,98,39,Physiotherapy,15,1
3483,1701,56,Physiotherapy,45,2
3484,1323,43,X-Ray,45,1
3485,1133,83,CT Scan,30,1
3486,1205,63,CT Scan,60,3
3487,1284,76,ECG,15,2
3488,1481,1,Physiotherapy,30,1
3489,858,96,Health Checkup,30,2
3490,1734,3,X-Ray,15,3
3491,21,86,Blood Test,60,1
3492,1219,6,X-Ray,20,1
3493,1852,48,CT Scan,20,3
3494,67,36,CT Scan,60,3
3495,1872,5,MRI,20,1
3496,714,25,MRI,20,1
3497,14,22,MRI,30,1
3498,84,20,ECG,90,2
3499,705,8,Blood Test,60,3
3500,464,44,CT Scan,30,3
3501,1399,5,MRI,45,3
3502,1033,71,CT Scan,90,1
3503,1278,25,MRI,20,1
3504,604,32,Physiotherapy,20,3
3505,874,17,Consultation,60,1
3506,711,73,MRI,15,1
3507,1704,35,CT Scan,15,1
3508,1802,75,Consultation,45,2
3509,1539,77,Physiotherapy,30,3
3510,1232,79,X-Ray,15,1
3511,293,32,Health Checkup,45,1
3512,155,62,Health Checkup,30,3
3513,762,36,X-Ray,15,1
3514,787,24,CT Scan,90,1
3515,1160,27,Health Checkup,30,3
3516,1632,13,X-Ray,20,2
3517,915,10,MRI,15,2
3518,763,30,Physiotherapy,20,2
3519,1751,36,Health Checkup,30,1
3520,1368,66,Physiotherapy,30,2
3521,211,19,Consultation,60,2
3522,247,58,MRI,15,1
3523,1170,76,X-Ray,90,3
3524,1801,69,CT Scan,30,1
3525,554,8,MRI,20,3
3526,217,9,ECG,90,1
3527,1762,43,ECG,15,2
3528,193,35,MRI,90,1
3529,206,75,Blood Test,30,1
3530,1365,7,Health Checkup,45,3
3531,945,82,X-Ray,30,2
3532,1240,17,ECG,90,3
3533,515,17,X-Ray,15,3
3534,1117,31,CT Scan,90,3
3535,659,90,Blood Test,60,1
3536,1508,1,CT Scan,60,2
3537,1009,6,Physiotherapy,45,3
3538,783,74,MRI,20,1
3539,1552,22,Physiotherapy,30,1
3540,734,80,Consultation,20,2
3541,957,92,CT Scan,45,2
3542,118,67,ECG,90,3
3543,1609,46,MRI,90,3
3544,352,100,ECG,90,2
3545,1456,62,X-Ray,45,1
3546,37,95,CT Scan,45,2
3547,257,85,X-Ray,30,2
3548,1893,28,ECG,90,2
3549,165,75,Physiotherapy,20,3
3550,326,23,X-Ray,30,1
3551,1547,14,X-Ray,30,3
3552,1630,85,Physiotherapy,20,2
3553,916,23,Physiotherapy,20,3
3554,1558,33,X-Ray,90,1
3555,186,22,X-Ray,20,2
3556,179,37,X-Ray,60,1
3557,1614,2,Physiotherapy,45,1
3558,1703,89,Health Checkup,15,1
3559,840,52,Consultation,30,2
3560,1696,7,ECG,45,1
3561,380,9,Health Checkup,30,3
3562,81,3,MRI,60,1
3563,103,95,Blood Test,60,1
3564,504,48,MRI,60,3
3565,364,18,X-Ray,30,2
3566,192,12,MRI,45,1
3567,1424,6,Physiotherapy,15,3
3568,295,60,Health Checkup,90,1
3569,657,52,CT Scan,45,1
3570,1892,88,Physiotherapy,15,2
3571,1999,56,X-Ray,45,2
3572,448,91,ECG,15,1
3573,1173,42,MRI,45,1
3574,410,35,Physiotherapy,15,2
3575,1692,55,X-Ray,20,3
3576,228,27,MRI,45,1
3577,26,83,CT Scan,30,3
3578,191,56,CT Scan,20,1
3579,1466,13,Physiotherapy,30,2
3580,1844,37,Blood Test,90,1
3581,942,23,Health Checkup,45,3
3582,1833,50,ECG,45,2
3583,1832,97,Consultation,45,3
3584,427,33,CT Scan,20,3
3585,1997,6,CT Scan,45,1
3586,970,42,ECG,15,3
3587,1128,57,Consultation,15,2
3588,1270,79,MRI,20,2
3589,1429,24,Consultation,20,2
3590,1148,29,Health Checkup,30,2
3591,1581,35,Blood Test,45,1
3592,449,35,ECG,45,2
3593,1631,26,Physiotherapy,60,2
3594,919,73,Consultation,20,2
3595,1791,38,ECG,90,1
3596,776,98,X-Ray,45,3
3597,1163,6,CT Scan,90,2
3598,355,26,Physiotherapy,90,3
3599,546,9,Consultation,15,3
3600,695,30,ECG,90,2
3601,987,95,CT Scan,20,1
3602,801,93,CT Scan,20,2
3603,1598,76,Consultation,15,3
3604,1600,29,Health Checkup,60,1
3605,537,87,Physiotherapy,15,2
3606,1001,83,Physiotherapy,90,1
3607,602,29,Health Checkup,60,3
3608,537,36,MRI,45,1
3609,812,94,Physiotherapy,15,3
3610,1542,58,ECG,45,2
3611,1836,54,Health Checkup,20,3
3612,1796,50,MRI,45,3
3613,1894,9,ECG,90,2
3614,1807,89,Blood Test,60,2
3615,1673,67,Consultation,15,1
3616,928,61,X-Ray,60,1
3617,23,100,CT Scan,30,1
3618,1429,59,Physiotherapy,15,2
3619,2000,31,ECG,45,2
3620,69,44,Consultation,20,3
3621,508,57,CT Scan,45,3
3622,1043,32,MRI,15,2
3623,990,83,Health Checkup,90,1
3624,46,52,Health Checkup,90,1
3625,1123,18,X-Ray,90,1
3626,862,53,Health Checkup,60,3
3627,576,100,Blood Test,60,1
3628,1580,66,Health Checkup,60,3
3629,1039,56,ECG,20,3
3630,1557,43,Consultation,45,2
3631,1539,27,Physiotherapy,20,2
3632,1393,22,Health Checkup,45,1
3633,1520,41,ECG,15,3
3634,1305,39,X-Ray,20,1
3635,1423,59,Consultation,30,3
3636,1755,72,Physiotherapy,90,1
3637,1117,52,Health Checkup,15,2
3638,801,27,X-Ray,15,1
3639,824,98,X-Ray,60,3
3640,1836,2,Health Checkup,20,3
3641,1191,23,Blood Test,90,3
3642,1672,69,X-Ray,45,1
3643,1151,20,Physiotherapy,90,2
3644,1978,99,MRI,20,2
3645,186,59,Consultation,60,2
3646,1685,40,CT Scan,20,2
3647,1203,38,X-Ray,15,1
3648,1471,90,MRI,15,3
3649,1580,31,ECG,30,3
3650,1311,77,Consultation,15,2
3651,735,100,Physiotherapy,45,1
3652,780,77,X-Ray,15,3
3653,697,69,Health Checkup,20,1
3654,754,34,X-Ray,30,1
3655,1150,66,CT Scan,90,1
3656,1663,7,X-Ray,90,3
3657,1684,95,Blood Test,45,3
3658,1104,15,Physiotherapy,45,3
3659,1762,1,Physiotherapy,90,2
3660,1954,83,CT Scan,90,1
3661,1389,15,ECG,90,3
3662,1188,97,Consultation,15,2
3663,1333,33,X-Ray,90,3
3664,191,43,Consultation,20,2
3665,1587,6,Blood Test,45,1
3666,1919,77,X-Ray,45,3
3667,612,6,Health Checkup,15,1
3668,64,66,Consultation,60,3
3669,1840,9,Health Checkup,20,2
3670,308,68,X-Ray,60,2
3671,1127,23,CT Scan,30,3
3672,669,97,Consultation,90,1
3673,938,19,ECG,60,1
3674,1314,83,Health Checkup,90,2
3675,182,10,Physiotherapy,60,1
3676,867,76,Blood Test,90,3
3677,1812,50,Blood Test,20,2
3678,832,51,X-Ray,15,3
3679,68,68,X-Ray,15,1
3680,1280,16,Health Checkup,15,3
3681,1552,23,Physiotherapy,20,3
3682,1846,34,CT Scan,30,1
3683,668,77,Physiotherapy,90,3
3684,377,83,CT Scan,30,3
3685,1394,63,Consultation,15,1
3686,23,95,CT Scan,90,3
3687,293,39,X-Ray,90,2
3688,441,53,Consultation,60,1
3689,1923,20,MRI,45,2
3690,510,2,X-Ray,60,2
3691,1168,58,Physiotherapy,90,1
3692,512,79,Physiotherapy,90,2
3693,2,17,CT Scan,20,2
3694,652,18,CT Scan,15,2
3695,727,29,Physiotherapy,30,3
3696,1544,11,Health Checkup,30,2
3697,1392,3,MRI,45,3
3698,558,66,X-Ray,15,2
3699,1791,92,Health Checkup,45,1
3700,1061,48,CT Scan,90,2
3701,842,20,MRI,20,1
3702,877,5,Physiotherapy,45,2
3703,1238,100,Physiotherapy,30,3
3704,151,17,ECG,60,2
3705,1162,63,X-Ray,20,3
3706,104,33,X-Ray,60,3
3707,793,24,X-Ray,45,3
3708,1270,17,Consultation,45,2
3709,816,10,Health Checkup,60,3
3710,836,23,MRI,30,2
3711,1250,76,X-Ray,60,3
3712,1236,94,MRI,20,2
3713,1540,71,Health Checkup,45,3
3714,1055,60,Health Checkup,45,3
3715,384,48,Physiotherapy,15,2
3716,249,32,CT Scan,60,1
3717,101,67,CT Scan,60,1
3718,196,42,MRI,60,3
3719,1528,25,Blood Test,20,1
3720,825,2,Consultation,15,1
3721,594,39,Consultation,90,3
3722,1431,60,Physiotherapy,20,3
3723,1484,96,Blood Test,30,3
3724,1336,85,MRI,15,2
3725,1498,73,Blood Test,20,2
3726,243,3,MRI,60,3
3727,1016,42,X-Ray,90,3
3728,963,17,Consultation,60,3
3729,1107,56,ECG,90,2
3730,609,21,X-Ray,30,1
3731,675,80,X-Ray,15,3
3732,375,30,ECG,20,1
3733,1168,63,Physiotherapy,45,3
3734,1931,14,CT Scan,60,3
3735,821,17,Consultation,90,2
3736,824,69,X-Ray,15,1
3737,971,85,ECG,20,3
3738,1916,1,Health Checkup,60,2
3739,838,13,Physiotherapy,60,2
3740,984,20,CT Scan,15,2
3741,508,40,Health Checkup,30,1
3742,1456,21,ECG,20,1
3743,1345,25,Health Checkup,90,3
3744,647,52,Blood Test,15,1
3745,1017,63,Health Checkup,20,3
3746,348,10,Health Checkup,30,1
3747,463,54,Blood Test,60,3
3748,368,6,X-Ray,90,2
3749,1707,80,Blood Test,60,1
3750,1057,62,MRI,20,2
3751,83,25,CT Scan,90,1
3752,1660,38,CT Scan,30,2
3753,587,71,Consultation,30,2
3754,884,4,Health Checkup,90,3
3755,852,17,MRI,30,1
3756,1891,1,Health Checkup,45,2
3757,157,100,Blood Test,45,3
3758,70,89,ECG,15,2
3759,1424,31,X-Ray,60,3
3760,711,11,CT Scan,30,2
3761,395,33,Consultation,60,1
3762,1144,46,Consultation,30,2
3763,1116,95,Blood Test,90,3
3764,1655,13,ECG,45,2
3765,556,92,Physiotherapy,90,2
3766,510,78,Blood Test,45,1
3767,1325,63,Health Checkup,15,1
3768,584,2,MRI,15,3
3769,638,41,CT Scan,15,3
3770,566,3,MRI,60,3
3771,1119,20,X-Ray,15,3
3772,50,88,MRI,60,2
3773,807,99,X-Ray,90,3
3774,82,31,ECG,60,3
3775,818,88,CT Scan,90,3
3776,1524,3,Health Checkup,60,3
3777,26,20,Physiotherapy,30,1
3778,1246,90,ECG,15,2
3779,579,89,Physiotherapy,90,3
3780,424,27,MRI,30,3
3781,856,17,MRI,15,1
3782,1239,60,CT Scan,30,1
3783,1031,65,Consultation,45,2
3784,88,65,Health Checkup,15,3
3785,345,6,Blood Test,60,3
3786,1260,12,CT Scan,20,1
3787,189,26,X-Ray,45,2
3788,206,13,ECG,60,2
3789,1134,44,Consultation,30,1
3790,1640,52,MRI,20,3
3791,245,15,Physiotherapy,15,2
3792,932,88,X-Ray,20,1
3793,643,29,Health Checkup,90,1
3794,975,62,CT Scan,30,3
3795,571,38,Health Checkup,90,3
3796,1964,8,X-Ray,90,1
3797,164,57,Blood Test,30,2
3798,1528,10,ECG,90,1
3799,1181,35,Physiotherapy,45,2
3800,836,17,Physiotherapy,20,1
3801,670,90,Physiotherapy,15,2
3802,476,2,X-Ray,90,2
3803,151,95,CT Scan,15,1
3804,766,63,Health Checkup,15,1
3805,1858,50,Physiotherapy,15,2
3806,1901,7,Physiotherapy,20,1
3807,812,51,MRI,45,1
3808,760,6,X-Ray,90,3
3809,1817,83,Blood Test,90,3
3810,879,35,Consultation,60,3
3811,1204,16,Consultation,20,3
3812,90,76,Blood Test,20,1
3813,1650,95,MRI,90,1
3814,294,47,X-Ray,15,3
3815,538,44,X-Ray,90,1
3816,1572,59,ECG,60,2
3817,1426,77,ECG,20,1
3818,1177,84,X-Ray,45,1
3819,102,80,Physiotherapy,15,1
3820,1768,60,ECG,45,2
3821,1355,42,CT Scan,30,3
3822,1210,18,Consultation,30,2
3823,1531,72,CT Scan,90,2
3824,1896,43,MRI,60,1
3825,255,72,Consultation,90,3
3826,248,92,Physiotherapy,30,3
3827,718,68,MRI,30,2
3828,1561,43,Physiotherapy,45,1
3829,1776,22,ECG,20,1
3830,1011,79,Health Checkup,15,2
3831,1433,53,Physiotherapy,15,1
3832,1986,53,Blood Test,45,1
3833,635,70,Physiotherapy,15,2
3834,22,38,Health Checkup,90,1
3835,1552,54,Physiotherapy,15,1
3836,403,46,Blood Test,30,3
3837,748,4,Blood Test,30,1
3838,1395,1,Blood Test,45,1
3839,1392,93,Blood Test,45,2
3840,1657,13,ECG,45,1
3841,711,68,Health Checkup,60,1
3842,765,17,X-Ray,30,2
3843,154,27,MRI,60,2
3844,630,57,CT Scan,15,3
3845,769,34,ECG,20,1
3846,1393,41,Health Checkup,60,1
3847,654,93,Health Checkup,15,3
3848,1912,95,Blood Test,90,3
3849,1306,74,Physiotherapy,45,3
3850,1919,39,Physiotherapy,60,1
3851,880,43,Physiotherapy,15,3
3852,482,25,ECG,90,3
3853,1014,34,Health Checkup,45,3
3854,1956,1,ECG,90,2
3855,101,99,X-Ray,20,3
3856,1422,62,Health Checkup,90,1
3857,1111,34,MRI,15,3
3858,206,73,X-Ray,20,1
3859,1236,47,Physiotherapy,45,1
3860,445,25,X-Ray,90,3
3861,1237,90,Health Checkup,20,3
3862,273,27,Physiotherapy,30,2
3863,82,24,X-Ray,30,1
3864,1563,21,Physiotherapy,45,2
3865,1265,76,X-Ray,30,1
3866,900,61,MRI,60,3
3867,327,29,ECG,90,1
3868,96,18,MRI,90,1
3869,45,74,Blood Test,30,3
3870,1,9,Physiotherapy,60,1
3871,467,98,X-Ray,60,2
3872,601,18,MRI,30,2
3873,1352,10,X-Ray,60,1
3874,1638,87,Health Checkup,30,2
3875,1766,11,ECG,30,3
3876,701,17,Physiotherapy,15,2
3877,663,56,Blood Test,20,3
3878,1965,29,Blood Test,15,1
3879,1468,51,CT Scan,20,1
3880,1380,20,X-Ray,45,3
3881,1485,100,X-Ray,20,2
3882,921,60,Health Checkup,20,1
3883,1924,10,Physiotherapy,90,3
3884,1434,5,Physiotherapy,45,2
3885,1496,62,Consultation,45,1
3886,425,72,ECG,15,1
3887,776,5,ECG,60,2
3888,348,80,CT Scan,20,3
3889,590,11,Consultation,90,2
3890,1621,91,CT Scan,90,1
3891,271,64,CT Scan,15,3
3892,1328,56,Health Checkup,30,3
3893,343,55,Health Checkup,45,1
3894,761,73,Consultation,45,1
3895,29,6,MRI,90,2
3896,391,66,ECG,90,2
3897,1809,34,Physiotherapy,90,1
3898,580,74,Health Checkup,30,2
3899,1219,63,MRI,15,3
3900,1896,28,Health Checkup,90,3
3901,1718,70,CT Scan,60,1
3902,528,77,Physiotherapy,15,3
3903,1516,80,ECG,30,1
3904,1776,37,MRI,20,2
3905,1588,56,CT Scan,20,1
3906,270,96,MRI,60,2
3907,1830,49,Blood Test,20,1
3908,322,92,Blood Test,90,1
3909,675,79,CT Scan,60,2
3910,467,33,Consultation,15,3
3911,150,24,Health Checkup,45,3
3912,1432,21,X-Ray,20,3
3913,1992,68,CT Scan,45,2
3914,354,82,X-Ray,30,2
3915,1465,60,Health Checkup,15,3
3916,1586,65,X-Ray,20,1
3917,923,68,Health Checkup,15,2
3918,1347,70,CT Scan,15,2
3919,1070,7,Physiotherapy,90,1
3920,1498,26,CT Scan,60,3
3921,758,52,CT Scan,45,3
3922,1178,77,CT Scan,45,1
3923,1543,87,ECG,60,2
3924,1407,57,CT Scan,60,2
3925,395,87,MRI,15,3
3926,1758,57,X-Ray,20,2
3927,1647,16,Consultation,60,1
3928,1176,19,Physiotherapy,15,2
3929,821,17,Consultation,15,2
3930,661,46,ECG,90,2
3931,1402,65,Physiotherapy,30,2
3932,1023,86,Physiotherapy,30,2
3933,1540,98,ECG,45,2
3934,205,23,CT Scan,45,2
3935,563,1,Consultation,15,2
3936,1073,58,ECG,60,2
3937,1656,68,X-Ray,30,3
3938,118,46,Blood Test,45,2
3939,723,33,ECG,15,1
3940,359,33,CT Scan,30,1
3941,1577,66,Health Checkup,30,1
3942,295,26,MRI,60,2
3943,1869,69,Physiotherapy,15,3
3944,1589,30,ECG,45,1
3945,1496,9,Health Checkup,15,1
3946,837,25,Consultation,60,2
3947,1659,35,X-Ray,20,3
3948,1317,53,Consultation,20,1
3949,1633,89,ECG,90,1
3950,1108,79,MRI,15,3
3951,1592,36,Blood Test,20,2
3952,1369,75,Consultation,60,2
3953,1307,9,Health Checkup,60,2
3954,1778,74,Health Checkup,20,2
3955,690,20,CT Scan,15,1
3956,743,50,CT Scan,60,1
3957,612,41,Consultation,45,1
3958,725,97,Physiotherapy,90,2
3959,613,66,Consultation,60,2
3960,1021,82,MRI,60,2
3961,1387,3,ECG,60,3
3962,1560,71,Consultation,20,3
3963,886,1,X-Ray,90,3
3964,514,35,X-Ray,90,1
3965,1642,30,Blood Test,30,3
3966,1230,98,X-Ray,30,3
3967,575,79,Consultation,45,1
3968,1730,40,X-Ray,15,1
3969,198,73,Health Checkup,90,2
3970,965,37,Physiotherapy,45,2
3971,1249,47,Blood Test,90,2
3972,137,66,Physiotherapy,90,2
3973,1862,88,X-Ray,20,1
3974,1026,67,X-Ray,60,2
3975,1612,83,Physiotherapy,90,3
3976,1651,36,Blood Test,60,2
3977,326,32,MRI,20,2
3978,64,95,ECG,90,3
3979,772,92,CT Scan,20,2
3980,861,62,CT Scan,60,1
3981,203,57,MRI,90,1
3982,787,52,X-Ray,60,1
3983,1346,83,Blood Test,30,1
3984,1663,68,Blood Test,45,3
3985,1026,20,CT Scan,20,2
3986,1687,47,ECG,60,2
3987,849,80,Consultation,45,1
3988,483,18,Health Checkup,90,1
3989,451,84,Health Checkup,15,2
3990,1280,65,Consultation,20,1
3991,467,61,Consultation,15,3
3992,1665,98,Physiotherapy,30,2
3993,1788,92,Health Checkup,15,3
3994,1820,71,CT Scan,45,2
3995,1190,42,CT Scan,15,3
3996,1621,57,Physiotherapy,45,2
3997,643,26,Blood Test,60,3
3998,1279,88,Consultation,45,3
3999,431,60,Blood Test,30,3
4000,133,42,Health Checkup,60,1
